name of file ,feature 1 , feature 2 , feature 3 , feature 4, feature 5, result
/root/Desktop/final Project/DATASET 18000 files/Unencrypted/only english chars + numbers/Unencrypted2714.txt,1738,808,341,249,1619,0
/root/Desktop/final Project/DATASET 18000 files/Unencrypted/only english chars + numbers/Unencrypted1278.txt,7548,3400,1710,1158,7043,0
/root/Desktop/final Project/DATASET 18000 files/Unencrypted/only english chars + numbers/Unencrypted1492.txt,3348,1487,635,499,3097,0
/root/Desktop/final Project/DATASET 18000 files/Unencrypted/only english chars + numbers/Unencrypted1274.txt,3489,1482,748,577,3302,0
/root/Desktop/final Project/DATASET 18000 files/Unencrypted/only english chars + numbers/Unencrypted1862.txt,5872,2906,1285,1314,5383,0
/root/Desktop/final Project/DATASET 18000 files/Unencrypted/only english chars + numbers/Unencrypted369.txt,2969,570,166,935,2889,0
/root/Desktop/final Project/DATASET 18000 files/Unencrypted/only english chars + numbers/Unencrypted465.txt,8438,914,1538,3386,8068,0
/root/Desktop/final Project/DATASET 18000 files/Unencrypted/only english chars + numbers/Unencrypted662.txt,3416,562,157,1685,3295,0
/root/Desktop/final Project/DATASET 18000 files/Unencrypted/only english chars + numbers/Unencrypted2814.txt,6734,3171,1427,978,6302,0
/root/Desktop/final Project/DATASET 18000 files/Unencrypted/only english chars + numbers/Unencrypted1139.txt,2729,1202,556,472,2564,0
/root/Desktop/final Project/DATASET 18000 files/Unencrypted/only english chars + numbers/Unencrypted83.txt,2929,1301,608,440,2726,0
/root/Desktop/final Project/DATASET 18000 files/Unencrypted/only english chars + numbers/Unencrypted153.txt,5264,1024,321,1774,5140,0
/root/Desktop/final Project/DATASET 18000 files/Unencrypted/only english chars + numbers/Unencrypted22.txt,4457,835,243,1463,4340,0
/root/Desktop/final Project/DATASET 18000 files/Unencrypted/only english chars + numbers/Unencrypted2471.txt,1477,784,329,182,1350,0
/root/Desktop/final Project/DATASET 18000 files/Unencrypted/only english chars + numbers/Unencrypted1250.txt,6574,2900,1415,1006,6120,0
/root/Desktop/final Project/DATASET 18000 files/Unencrypted/only english chars + numbers/Unencrypted1625.txt,703,331,128,67,675,0
/root/Desktop/final Project/DATASET 18000 files/Unencrypted/only english chars + numbers/Unencrypted2210.txt,3069,599,219,1174,2968,0
/root/Desktop/final Project/DATASET 18000 files/Unencrypted/only english chars + numbers/Unencrypted1508.txt,806,313,134,121,773,0
/root/Desktop/final Project/DATASET 18000 files/Unencrypted/only english chars + numbers/Unencrypted1038.txt,903,461,202,125,810,0
/root/Desktop/final Project/DATASET 18000 files/Unencrypted/only english chars + numbers/Unencrypted6.txt,6936,1248,514,2962,6714,0
/root/Desktop/final Project/DATASET 18000 files/Unencrypted/only english chars + numbers/Unencrypted1823.txt,7726,3551,1548,1182,7154,0
/root/Desktop/final Project/DATASET 18000 files/Unencrypted/only english chars + numbers/Unencrypted2793.txt,810,426,188,145,737,0
/root/Desktop/final Project/DATASET 18000 files/Unencrypted/only english chars + numbers/Unencrypted2884.txt,5934,1609,802,1767,5610,0
/root/Desktop/final Project/DATASET 18000 files/Unencrypted/only english chars + numbers/Unencrypted2644.txt,10107,998,1549,4368,9726,0
/root/Desktop/final Project/DATASET 18000 files/Unencrypted/only english chars + numbers/Unencrypted2970.txt,3091,376,463,1355,2961,0
/root/Desktop/final Project/DATASET 18000 files/Unencrypted/only english chars + numbers/Unencrypted1725.txt,4621,2045,961,668,4424,0
/root/Desktop/final Project/DATASET 18000 files/Unencrypted/only english chars + numbers/Unencrypted2845.txt,204,188,29,15,193,0
/root/Desktop/final Project/DATASET 18000 files/Unencrypted/only english chars + numbers/Unencrypted311.txt,6251,3267,1418,823,5686,0
/root/Desktop/final Project/DATASET 18000 files/Unencrypted/only english chars + numbers/Unencrypted2979.txt,3280,1592,555,776,3054,0
/root/Desktop/final Project/DATASET 18000 files/Unencrypted/only english chars + numbers/Unencrypted2397.txt,6354,2996,1377,893,5871,0
/root/Desktop/final Project/DATASET 18000 files/Unencrypted/only english chars + numbers/Unencrypted2852.txt,6143,3449,563,1526,5796,0
/root/Desktop/final Project/DATASET 18000 files/Unencrypted/only english chars + numbers/Unencrypted1293.txt,2916,1344,596,456,2678,0
/root/Desktop/final Project/DATASET 18000 files/Unencrypted/only english chars + numbers/Unencrypted2057.txt,5224,2413,1090,758,4834,0
/root/Desktop/final Project/DATASET 18000 files/Unencrypted/only english chars + numbers/Unencrypted1750.txt,6524,3121,1372,946,6084,0
/root/Desktop/final Project/DATASET 18000 files/Unencrypted/only english chars + numbers/Unencrypted1961.txt,2481,1055,523,393,2360,0
/root/Desktop/final Project/DATASET 18000 files/Unencrypted/only english chars + numbers/Unencrypted230.txt,4210,3589,527,154,3861,0
/root/Desktop/final Project/DATASET 18000 files/Unencrypted/only english chars + numbers/Unencrypted1721.txt,1652,706,391,253,1565,0
/root/Desktop/final Project/DATASET 18000 files/Unencrypted/only english chars + numbers/Unencrypted1457.txt,8610,1596,520,2923,8411,0
/root/Desktop/final Project/DATASET 18000 files/Unencrypted/only english chars + numbers/Unencrypted1208.txt,3169,2141,542,273,2982,0
/root/Desktop/final Project/DATASET 18000 files/Unencrypted/only english chars + numbers/Unencrypted766.txt,1135,663,133,77,1056,0
/root/Desktop/final Project/DATASET 18000 files/Unencrypted/only english chars + numbers/Unencrypted1504.txt,6362,2950,1379,922,5873,0
/root/Desktop/final Project/DATASET 18000 files/Unencrypted/only english chars + numbers/Unencrypted2819.txt,4832,2172,955,821,4477,0
/root/Desktop/final Project/DATASET 18000 files/Unencrypted/only english chars + numbers/Unencrypted1006.txt,4892,580,855,2078,4690,0
/root/Desktop/final Project/DATASET 18000 files/Unencrypted/only english chars + numbers/Unencrypted2875.txt,2343,460,153,784,2287,0
/root/Desktop/final Project/DATASET 18000 files/Unencrypted/only english chars + numbers/Unencrypted265.txt,1476,692,310,226,1380,0
/root/Desktop/final Project/DATASET 18000 files/Unencrypted/only english chars + numbers/Unencrypted2060.txt,4553,1985,916,690,4336,0
/root/Desktop/final Project/DATASET 18000 files/Unencrypted/only english chars + numbers/Unencrypted1136.txt,10333,1896,549,3543,10102,0
/root/Desktop/final Project/DATASET 18000 files/Unencrypted/only english chars + numbers/Unencrypted1923.txt,923,335,180,185,900,0
/root/Desktop/final Project/DATASET 18000 files/Unencrypted/only english chars + numbers/Unencrypted2358.txt,3951,1819,835,554,3723,0
/root/Desktop/final Project/DATASET 18000 files/Unencrypted/only english chars + numbers/Unencrypted1769.txt,2962,646,203,1212,2865,0
/root/Desktop/final Project/DATASET 18000 files/Unencrypted/only english chars + numbers/Unencrypted1362.txt,3637,1699,764,469,3388,0
/root/Desktop/final Project/DATASET 18000 files/Unencrypted/only english chars + numbers/Unencrypted1198.txt,6225,2843,1311,868,5787,0
/root/Desktop/final Project/DATASET 18000 files/Unencrypted/only english chars + numbers/Unencrypted1866.txt,10481,2003,522,4722,10153,0
/root/Desktop/final Project/DATASET 18000 files/Unencrypted/only english chars + numbers/Unencrypted1628.txt,742,366,153,104,686,0
/root/Desktop/final Project/DATASET 18000 files/Unencrypted/only english chars + numbers/Unencrypted384.txt,423,211,81,45,411,0
/root/Desktop/final Project/DATASET 18000 files/Unencrypted/only english chars + numbers/Unencrypted1417.txt,3467,1716,694,398,3192,0
/root/Desktop/final Project/DATASET 18000 files/Unencrypted/only english chars + numbers/Unencrypted2774.txt,2733,1160,574,417,2576,0
/root/Desktop/final Project/DATASET 18000 files/Unencrypted/only english chars + numbers/Unencrypted213.txt,4225,2011,921,586,3880,0
/root/Desktop/final Project/DATASET 18000 files/Unencrypted/only english chars + numbers/Unencrypted2771.txt,1885,783,377,335,1792,0
/root/Desktop/final Project/DATASET 18000 files/Unencrypted/only english chars + numbers/Unencrypted34.txt,2759,1240,561,416,2557,0
/root/Desktop/final Project/DATASET 18000 files/Unencrypted/only english chars + numbers/Unencrypted2213.txt,1119,220,71,456,1075,0
/root/Desktop/final Project/DATASET 18000 files/Unencrypted/only english chars + numbers/Unencrypted348.txt,3169,422,102,1591,3096,0
/root/Desktop/final Project/DATASET 18000 files/Unencrypted/only english chars + numbers/Unencrypted931.txt,3255,1382,637,577,3089,0
/root/Desktop/final Project/DATASET 18000 files/Unencrypted/only english chars + numbers/Unencrypted2039.txt,3356,1431,687,566,3104,0
/root/Desktop/final Project/DATASET 18000 files/Unencrypted/only english chars + numbers/Unencrypted1917.txt,695,341,129,92,668,0
/root/Desktop/final Project/DATASET 18000 files/Unencrypted/only english chars + numbers/Unencrypted2720.txt,6952,3181,1495,1021,6389,0
/root/Desktop/final Project/DATASET 18000 files/Unencrypted/only english chars + numbers/Unencrypted2729.txt,2463,934,461,541,2315,0
/root/Desktop/final Project/DATASET 18000 files/Unencrypted/only english chars + numbers/Unencrypted1511.txt,996,509,210,131,915,0
/root/Desktop/final Project/DATASET 18000 files/Unencrypted/only english chars + numbers/Unencrypted165.txt,1931,829,400,314,1804,0
/root/Desktop/final Project/DATASET 18000 files/Unencrypted/only english chars + numbers/Unencrypted2681.txt,2187,1061,459,293,2038,0
/root/Desktop/final Project/DATASET 18000 files/Unencrypted/only english chars + numbers/Unencrypted404.txt,4708,2420,1027,649,4302,0
/root/Desktop/final Project/DATASET 18000 files/Unencrypted/only english chars + numbers/Unencrypted203.txt,3399,1665,678,485,3095,0
/root/Desktop/final Project/DATASET 18000 files/Unencrypted/only english chars + numbers/Unencrypted814.txt,4664,2183,946,612,4342,0
/root/Desktop/final Project/DATASET 18000 files/Unencrypted/only english chars + numbers/Unencrypted1351.txt,536,243,98,89,499,0
/root/Desktop/final Project/DATASET 18000 files/Unencrypted/only english chars + numbers/Unencrypted1384.txt,6507,2776,1321,1047,6176,0
/root/Desktop/final Project/DATASET 18000 files/Unencrypted/only english chars + numbers/Unencrypted1526.txt,3386,1556,743,474,3137,0
/root/Desktop/final Project/DATASET 18000 files/Unencrypted/only english chars + numbers/Unencrypted2164.txt,5733,2801,1273,778,5264,0
/root/Desktop/final Project/DATASET 18000 files/Unencrypted/only english chars + numbers/Unencrypted207.txt,957,476,208,130,873,0
/root/Desktop/final Project/DATASET 18000 files/Unencrypted/only english chars + numbers/Unencrypted928.txt,3050,1387,651,417,2854,0
/root/Desktop/final Project/DATASET 18000 files/Unencrypted/only english chars + numbers/Unencrypted2624.txt,4918,2025,926,893,4633,0
/root/Desktop/final Project/DATASET 18000 files/Unencrypted/only english chars + numbers/Unencrypted1861.txt,3005,1652,639,357,2828,0
/root/Desktop/final Project/DATASET 18000 files/Unencrypted/only english chars + numbers/Unencrypted1300.txt,1691,738,325,269,1578,0
/root/Desktop/final Project/DATASET 18000 files/Unencrypted/only english chars + numbers/Unencrypted941.txt,2625,1220,513,372,2458,0
/root/Desktop/final Project/DATASET 18000 files/Unencrypted/only english chars + numbers/Unencrypted2671.txt,6788,3076,1463,1018,6326,0
/root/Desktop/final Project/DATASET 18000 files/Unencrypted/only english chars + numbers/Unencrypted1352.txt,1094,452,208,176,1025,0
/root/Desktop/final Project/DATASET 18000 files/Unencrypted/only english chars + numbers/Unencrypted193.txt,4569,2186,947,624,4219,0
/root/Desktop/final Project/DATASET 18000 files/Unencrypted/only english chars + numbers/Unencrypted2186.txt,4686,2242,971,677,4344,0
/root/Desktop/final Project/DATASET 18000 files/Unencrypted/only english chars + numbers/Unencrypted2638.txt,4493,784,347,1992,4359,0
/root/Desktop/final Project/DATASET 18000 files/Unencrypted/only english chars + numbers/Unencrypted437.txt,6654,2994,1344,926,6252,0
/root/Desktop/final Project/DATASET 18000 files/Unencrypted/only english chars + numbers/Unencrypted2352.txt,5424,2440,1108,827,5042,0
/root/Desktop/final Project/DATASET 18000 files/Unencrypted/only english chars + numbers/Unencrypted149.txt,7079,1373,462,2382,6922,0
/root/Desktop/final Project/DATASET 18000 files/Unencrypted/only english chars + numbers/Unencrypted2737.txt,9629,1254,372,4689,9358,0
/root/Desktop/final Project/DATASET 18000 files/Unencrypted/only english chars + numbers/Unencrypted2217.txt,7788,899,1389,3307,7475,0
/root/Desktop/final Project/DATASET 18000 files/Unencrypted/only english chars + numbers/Unencrypted825.txt,6646,3146,1441,1009,6199,0
/root/Desktop/final Project/DATASET 18000 files/Unencrypted/only english chars + numbers/Unencrypted516.txt,7000,3137,1538,1016,6559,0
/root/Desktop/final Project/DATASET 18000 files/Unencrypted/only english chars + numbers/Unencrypted1288.txt,1146,562,273,184,1040,0
/root/Desktop/final Project/DATASET 18000 files/Unencrypted/only english chars + numbers/Unencrypted477.txt,9433,1803,541,3255,9245,0
/root/Desktop/final Project/DATASET 18000 files/Unencrypted/only english chars + numbers/Unencrypted2646.txt,6586,1063,1334,2441,6375,0
/root/Desktop/final Project/DATASET 18000 files/Unencrypted/only english chars + numbers/Unencrypted1217.txt,9028,1180,1864,3498,8745,0
/root/Desktop/final Project/DATASET 18000 files/Unencrypted/only english chars + numbers/Unencrypted2239.txt,2754,1220,567,411,2574,0
/root/Desktop/final Project/DATASET 18000 files/Unencrypted/only english chars + numbers/Unencrypted1194.txt,705,335,166,127,650,0
/root/Desktop/final Project/DATASET 18000 files/Unencrypted/only english chars + numbers/Unencrypted2009.txt,8024,1559,477,2698,7848,0
/root/Desktop/final Project/DATASET 18000 files/Unencrypted/only english chars + numbers/Unencrypted1558.txt,7716,832,1434,3040,7363,0
/root/Desktop/final Project/DATASET 18000 files/Unencrypted/only english chars + numbers/Unencrypted550.txt,3189,1900,303,740,2983,0
/root/Desktop/final Project/DATASET 18000 files/Unencrypted/only english chars + numbers/Unencrypted1144.txt,4869,2120,1006,731,4549,0
/root/Desktop/final Project/DATASET 18000 files/Unencrypted/only english chars + numbers/Unencrypted81.txt,460,225,76,78,444,0
/root/Desktop/final Project/DATASET 18000 files/Unencrypted/only english chars + numbers/Unencrypted1371.txt,7698,3666,1556,1104,7178,0
/root/Desktop/final Project/DATASET 18000 files/Unencrypted/only english chars + numbers/Unencrypted157.txt,2566,1168,501,383,2390,0
/root/Desktop/final Project/DATASET 18000 files/Unencrypted/only english chars + numbers/Unencrypted857.txt,6473,3065,1366,977,6003,0
/root/Desktop/final Project/DATASET 18000 files/Unencrypted/only english chars + numbers/Unencrypted887.txt,5028,470,959,2067,4866,0
/root/Desktop/final Project/DATASET 18000 files/Unencrypted/only english chars + numbers/Unencrypted2349.txt,659,301,138,67,619,0
/root/Desktop/final Project/DATASET 18000 files/Unencrypted/only english chars + numbers/Unencrypted2962.txt,1469,241,44,722,1414,0
/root/Desktop/final Project/DATASET 18000 files/Unencrypted/only english chars + numbers/Unencrypted2526.txt,3500,2929,437,125,3205,0
/root/Desktop/final Project/DATASET 18000 files/Unencrypted/only english chars + numbers/Unencrypted1704.txt,4766,2327,1128,697,4381,0
/root/Desktop/final Project/DATASET 18000 files/Unencrypted/only english chars + numbers/Unencrypted1841.txt,3050,1320,574,519,2826,0
/root/Desktop/final Project/DATASET 18000 files/Unencrypted/only english chars + numbers/Unencrypted2287.txt,6861,3126,1377,1117,6397,0
/root/Desktop/final Project/DATASET 18000 files/Unencrypted/only english chars + numbers/Unencrypted74.txt,2446,1049,578,373,2311,0
/root/Desktop/final Project/DATASET 18000 files/Unencrypted/only english chars + numbers/Unencrypted1903.txt,586,355,142,53,464,0
/root/Desktop/final Project/DATASET 18000 files/Unencrypted/only english chars + numbers/Unencrypted472.txt,4951,968,313,1623,4817,0
/root/Desktop/final Project/DATASET 18000 files/Unencrypted/only english chars + numbers/Unencrypted92.txt,4738,2212,978,751,4367,0
/root/Desktop/final Project/DATASET 18000 files/Unencrypted/only english chars + numbers/Unencrypted176.txt,953,379,170,167,924,0
/root/Desktop/final Project/DATASET 18000 files/Unencrypted/only english chars + numbers/Unencrypted946.txt,4420,1967,927,645,4102,0
/root/Desktop/final Project/DATASET 18000 files/Unencrypted/only english chars + numbers/Unencrypted2541.txt,6355,574,967,2890,6135,0
/root/Desktop/final Project/DATASET 18000 files/Unencrypted/only english chars + numbers/Unencrypted588.txt,5696,2762,1214,784,5216,0
/root/Desktop/final Project/DATASET 18000 files/Unencrypted/only english chars + numbers/Unencrypted473.txt,987,192,45,320,974,0
/root/Desktop/final Project/DATASET 18000 files/Unencrypted/only english chars + numbers/Unencrypted1301.txt,4444,2127,944,623,4061,0
/root/Desktop/final Project/DATASET 18000 files/Unencrypted/only english chars + numbers/Unencrypted475.txt,10582,2007,658,3554,10358,0
/root/Desktop/final Project/DATASET 18000 files/Unencrypted/only english chars + numbers/Unencrypted1730.txt,1341,657,289,183,1218,0
/root/Desktop/final Project/DATASET 18000 files/Unencrypted/only english chars + numbers/Unencrypted1580.txt,6012,2681,1215,879,5624,0
/root/Desktop/final Project/DATASET 18000 files/Unencrypted/only english chars + numbers/Unencrypted960.txt,590,284,124,99,561,0
/root/Desktop/final Project/DATASET 18000 files/Unencrypted/only english chars + numbers/Unencrypted1190.txt,4719,2098,923,784,4444,0
/root/Desktop/final Project/DATASET 18000 files/Unencrypted/only english chars + numbers/Unencrypted2250.txt,8777,4123,1824,1351,8181,0
/root/Desktop/final Project/DATASET 18000 files/Unencrypted/only english chars + numbers/Unencrypted2865.txt,7069,752,1241,2821,6760,0
/root/Desktop/final Project/DATASET 18000 files/Unencrypted/only english chars + numbers/Unencrypted2326.txt,7510,677,1139,3429,7306,0
/root/Desktop/final Project/DATASET 18000 files/Unencrypted/only english chars + numbers/Unencrypted2257.txt,4303,1965,906,677,4003,0
/root/Desktop/final Project/DATASET 18000 files/Unencrypted/only english chars + numbers/Unencrypted275.txt,5086,2444,1082,705,4737,0
/root/Desktop/final Project/DATASET 18000 files/Unencrypted/only english chars + numbers/Unencrypted1609.txt,5698,2365,1234,990,5373,0
/root/Desktop/final Project/DATASET 18000 files/Unencrypted/only english chars + numbers/Unencrypted2385.txt,2739,1203,549,396,2621,0
/root/Desktop/final Project/DATASET 18000 files/Unencrypted/only english chars + numbers/Unencrypted503.txt,3004,1477,644,457,2776,0
/root/Desktop/final Project/DATASET 18000 files/Unencrypted/only english chars + numbers/Unencrypted1636.txt,1413,740,293,175,1225,0
/root/Desktop/final Project/DATASET 18000 files/Unencrypted/only english chars + numbers/Unencrypted1515.txt,3173,1411,674,485,2959,0
/root/Desktop/final Project/DATASET 18000 files/Unencrypted/only english chars + numbers/Unencrypted687.txt,774,138,47,254,759,0
/root/Desktop/final Project/DATASET 18000 files/Unencrypted/only english chars + numbers/Unencrypted199.txt,3271,1708,774,455,2956,0
/root/Desktop/final Project/DATASET 18000 files/Unencrypted/only english chars + numbers/Unencrypted457.txt,6939,1330,539,2965,6800,0
/root/Desktop/final Project/DATASET 18000 files/Unencrypted/only english chars + numbers/Unencrypted2589.txt,7423,3158,1575,1221,6988,0
/root/Desktop/final Project/DATASET 18000 files/Unencrypted/only english chars + numbers/Unencrypted1262.txt,399,202,86,38,367,0
/root/Desktop/final Project/DATASET 18000 files/Unencrypted/only english chars + numbers/Unencrypted1792.txt,6479,1417,619,2194,6258,0
/root/Desktop/final Project/DATASET 18000 files/Unencrypted/only english chars + numbers/Unencrypted2044.txt,3576,1665,781,520,3299,0
/root/Desktop/final Project/DATASET 18000 files/Unencrypted/only english chars + numbers/Unencrypted2833.txt,4196,1967,907,574,3803,0
/root/Desktop/final Project/DATASET 18000 files/Unencrypted/only english chars + numbers/Unencrypted2879.txt,1219,216,66,416,1184,0
/root/Desktop/final Project/DATASET 18000 files/Unencrypted/only english chars + numbers/Unencrypted674.txt,10934,2039,2262,4086,10501,0
/root/Desktop/final Project/DATASET 18000 files/Unencrypted/only english chars + numbers/Unencrypted1409.txt,4424,1933,924,673,4164,0
/root/Desktop/final Project/DATASET 18000 files/Unencrypted/only english chars + numbers/Unencrypted2744.txt,725,111,52,340,708,0
/root/Desktop/final Project/DATASET 18000 files/Unencrypted/only english chars + numbers/Unencrypted2119.txt,2813,516,179,924,2766,0
/root/Desktop/final Project/DATASET 18000 files/Unencrypted/only english chars + numbers/Unencrypted2303.txt,7787,3835,1673,1078,7240,0
/root/Desktop/final Project/DATASET 18000 files/Unencrypted/only english chars + numbers/Unencrypted1069.txt,6839,3169,1482,1063,6388,0
/root/Desktop/final Project/DATASET 18000 files/Unencrypted/only english chars + numbers/Unencrypted2927.txt,6470,3356,1456,851,5902,0
/root/Desktop/final Project/DATASET 18000 files/Unencrypted/only english chars + numbers/Unencrypted90.txt,4127,2138,892,553,3749,0
/root/Desktop/final Project/DATASET 18000 files/Unencrypted/only english chars + numbers/Unencrypted2976.txt,8759,785,1325,4021,8510,0
/root/Desktop/final Project/DATASET 18000 files/Unencrypted/only english chars + numbers/Unencrypted1997.txt,6945,2090,1351,2059,6588,0
/root/Desktop/final Project/DATASET 18000 files/Unencrypted/only english chars + numbers/Unencrypted9.txt,7944,1176,1688,3009,7663,0
/root/Desktop/final Project/DATASET 18000 files/Unencrypted/only english chars + numbers/Unencrypted1200.txt,6592,2997,1324,983,6129,0
/root/Desktop/final Project/DATASET 18000 files/Unencrypted/only english chars + numbers/Unencrypted1350.txt,10953,2450,1070,3519,10521,0
/root/Desktop/final Project/DATASET 18000 files/Unencrypted/only english chars + numbers/Unencrypted2274.txt,6373,2933,1390,922,5932,0
/root/Desktop/final Project/DATASET 18000 files/Unencrypted/only english chars + numbers/Unencrypted2500.txt,2093,940,406,350,1915,0
/root/Desktop/final Project/DATASET 18000 files/Unencrypted/only english chars + numbers/Unencrypted2343.txt,5296,1849,981,1254,4905,0
/root/Desktop/final Project/DATASET 18000 files/Unencrypted/only english chars + numbers/Unencrypted2381.txt,2241,1069,467,297,2070,0
/root/Desktop/final Project/DATASET 18000 files/Unencrypted/only english chars + numbers/Unencrypted228.txt,837,578,195,93,805,0
/root/Desktop/final Project/DATASET 18000 files/Unencrypted/only english chars + numbers/Unencrypted1091.txt,557,252,106,50,523,0
/root/Desktop/final Project/DATASET 18000 files/Unencrypted/only english chars + numbers/Unencrypted1911.txt,5994,2799,1272,844,5582,0
/root/Desktop/final Project/DATASET 18000 files/Unencrypted/only english chars + numbers/Unencrypted650.txt,6436,2625,1230,1193,6085,0
/root/Desktop/final Project/DATASET 18000 files/Unencrypted/only english chars + numbers/Unencrypted2379.txt,3274,1512,716,528,3067,0
/root/Desktop/final Project/DATASET 18000 files/Unencrypted/only english chars + numbers/Unencrypted2947.txt,6182,2928,1284,905,5749,0
/root/Desktop/final Project/DATASET 18000 files/Unencrypted/only english chars + numbers/Unencrypted274.txt,2536,1141,569,389,2340,0
/root/Desktop/final Project/DATASET 18000 files/Unencrypted/only english chars + numbers/Unencrypted1933.txt,2776,1222,555,387,2581,0
/root/Desktop/final Project/DATASET 18000 files/Unencrypted/only english chars + numbers/Unencrypted1849.txt,7101,3196,1456,1012,6715,0
/root/Desktop/final Project/DATASET 18000 files/Unencrypted/only english chars + numbers/Unencrypted1843.txt,3093,1522,648,426,2847,0
/root/Desktop/final Project/DATASET 18000 files/Unencrypted/only english chars + numbers/Unencrypted2233.txt,1595,705,314,264,1483,0
/root/Desktop/final Project/DATASET 18000 files/Unencrypted/only english chars + numbers/Unencrypted2946.txt,4393,2060,876,558,4096,0
/root/Desktop/final Project/DATASET 18000 files/Unencrypted/only english chars + numbers/Unencrypted947.txt,7453,3377,1661,1089,7013,0
/root/Desktop/final Project/DATASET 18000 files/Unencrypted/only english chars + numbers/Unencrypted783.txt,13469,1399,2500,5440,12937,0
/root/Desktop/final Project/DATASET 18000 files/Unencrypted/only english chars + numbers/Unencrypted1025.txt,6607,1255,390,2222,6478,0
/root/Desktop/final Project/DATASET 18000 files/Unencrypted/only english chars + numbers/Unencrypted2309.txt,5696,4280,1207,511,5483,0
/root/Desktop/final Project/DATASET 18000 files/Unencrypted/only english chars + numbers/Unencrypted1327.txt,7611,1578,542,3034,7381,0
/root/Desktop/final Project/DATASET 18000 files/Unencrypted/only english chars + numbers/Unencrypted1369.txt,8217,4005,1803,1099,7571,0
/root/Desktop/final Project/DATASET 18000 files/Unencrypted/only english chars + numbers/Unencrypted1310.txt,3474,1656,756,474,3243,0
/root/Desktop/final Project/DATASET 18000 files/Unencrypted/only english chars + numbers/Unencrypted331.txt,7920,3774,1690,1151,7307,0
/root/Desktop/final Project/DATASET 18000 files/Unencrypted/only english chars + numbers/Unencrypted1031.txt,7328,2598,1287,1703,6793,0
/root/Desktop/final Project/DATASET 18000 files/Unencrypted/only english chars + numbers/Unencrypted468.txt,1778,331,105,578,1728,0
/root/Desktop/final Project/DATASET 18000 files/Unencrypted/only english chars + numbers/Unencrypted893.txt,6061,2019,1057,1736,5745,0
/root/Desktop/final Project/DATASET 18000 files/Unencrypted/only english chars + numbers/Unencrypted217.txt,1977,854,395,292,1879,0
/root/Desktop/final Project/DATASET 18000 files/Unencrypted/only english chars + numbers/Unencrypted393.txt,6524,2998,1423,948,6085,0
/root/Desktop/final Project/DATASET 18000 files/Unencrypted/only english chars + numbers/Unencrypted1104.txt,653,410,152,87,627,0
/root/Desktop/final Project/DATASET 18000 files/Unencrypted/only english chars + numbers/Unencrypted1672.txt,1977,257,459,700,1914,0
/root/Desktop/final Project/DATASET 18000 files/Unencrypted/only english chars + numbers/Unencrypted1687.txt,6438,2242,1129,1542,5966,0
/root/Desktop/final Project/DATASET 18000 files/Unencrypted/only english chars + numbers/Unencrypted2353.txt,5943,2720,1295,877,5530,0
/root/Desktop/final Project/DATASET 18000 files/Unencrypted/only english chars + numbers/Unencrypted7.txt,6486,1317,503,2876,6300,0
/root/Desktop/final Project/DATASET 18000 files/Unencrypted/only english chars + numbers/Unencrypted2758.txt,9655,1780,505,3127,9411,0
/root/Desktop/final Project/DATASET 18000 files/Unencrypted/only english chars + numbers/Unencrypted699.txt,4575,2005,951,692,4268,0
/root/Desktop/final Project/DATASET 18000 files/Unencrypted/only english chars + numbers/Unencrypted1052.txt,4162,1874,834,705,3901,0
/root/Desktop/final Project/DATASET 18000 files/Unencrypted/only english chars + numbers/Unencrypted1869.txt,6128,901,256,3020,5944,0
/root/Desktop/final Project/DATASET 18000 files/Unencrypted/only english chars + numbers/Unencrypted2657.txt,2556,460,143,847,2483,0
/root/Desktop/final Project/DATASET 18000 files/Unencrypted/only english chars + numbers/Unencrypted1623.txt,858,563,211,85,698,0
/root/Desktop/final Project/DATASET 18000 files/Unencrypted/only english chars + numbers/Unencrypted2152.txt,9054,4133,1887,1441,8303,0
/root/Desktop/final Project/DATASET 18000 files/Unencrypted/only english chars + numbers/Unencrypted2525.txt,5434,3713,1218,636,5208,0
/root/Desktop/final Project/DATASET 18000 files/Unencrypted/only english chars + numbers/Unencrypted994.txt,5282,630,237,2579,5121,0
/root/Desktop/final Project/DATASET 18000 files/Unencrypted/only english chars + numbers/Unencrypted2347.txt,816,384,158,117,773,0
/root/Desktop/final Project/DATASET 18000 files/Unencrypted/only english chars + numbers/Unencrypted185.txt,5292,2482,1112,811,4856,0
/root/Desktop/final Project/DATASET 18000 files/Unencrypted/only english chars + numbers/Unencrypted963.txt,4476,2245,975,627,4081,0
/root/Desktop/final Project/DATASET 18000 files/Unencrypted/only english chars + numbers/Unencrypted2977.txt,6252,1298,1214,2342,6022,0
/root/Desktop/final Project/DATASET 18000 files/Unencrypted/only english chars + numbers/Unencrypted1576.txt,1462,695,312,225,1365,0
/root/Desktop/final Project/DATASET 18000 files/Unencrypted/only english chars + numbers/Unencrypted1020.txt,6969,1322,394,2299,6772,0
/root/Desktop/final Project/DATASET 18000 files/Unencrypted/only english chars + numbers/Unencrypted1638.txt,7181,3385,1462,906,6708,0
/root/Desktop/final Project/DATASET 18000 files/Unencrypted/only english chars + numbers/Unencrypted1649.txt,1632,1211,362,148,1551,0
/root/Desktop/final Project/DATASET 18000 files/Unencrypted/only english chars + numbers/Unencrypted2769.txt,2284,1049,463,366,2073,0
/root/Desktop/final Project/DATASET 18000 files/Unencrypted/only english chars + numbers/Unencrypted1328.txt,8004,1456,594,3566,7757,0
/root/Desktop/final Project/DATASET 18000 files/Unencrypted/only english chars + numbers/Unencrypted1820.txt,8347,3875,1757,1330,7748,0
/root/Desktop/final Project/DATASET 18000 files/Unencrypted/only english chars + numbers/Unencrypted1043.txt,3672,1719,806,544,3381,0
/root/Desktop/final Project/DATASET 18000 files/Unencrypted/only english chars + numbers/Unencrypted1464.txt,3074,1195,587,566,2940,0
/root/Desktop/final Project/DATASET 18000 files/Unencrypted/only english chars + numbers/Unencrypted2776.txt,1319,709,319,145,1242,0
/root/Desktop/final Project/DATASET 18000 files/Unencrypted/only english chars + numbers/Unencrypted2143.txt,6150,2743,1257,908,5771,0
/root/Desktop/final Project/DATASET 18000 files/Unencrypted/only english chars + numbers/Unencrypted1472.txt,2085,1050,458,289,1933,0
/root/Desktop/final Project/DATASET 18000 files/Unencrypted/only english chars + numbers/Unencrypted1804.txt,4077,1935,885,503,3812,0
/root/Desktop/final Project/DATASET 18000 files/Unencrypted/only english chars + numbers/Unencrypted338.txt,7843,3561,1594,1232,7336,0
/root/Desktop/final Project/DATASET 18000 files/Unencrypted/only english chars + numbers/Unencrypted440.txt,3801,1764,789,591,3482,0
/root/Desktop/final Project/DATASET 18000 files/Unencrypted/only english chars + numbers/Unencrypted2800.txt,6301,2871,1327,1011,5915,0
/root/Desktop/final Project/DATASET 18000 files/Unencrypted/only english chars + numbers/Unencrypted700.txt,6354,2943,1315,930,5916,0
/root/Desktop/final Project/DATASET 18000 files/Unencrypted/only english chars + numbers/Unencrypted409.txt,6676,3181,1493,1015,6151,0
/root/Desktop/final Project/DATASET 18000 files/Unencrypted/only english chars + numbers/Unencrypted1004.txt,11082,1279,2176,4469,10777,0
/root/Desktop/final Project/DATASET 18000 files/Unencrypted/only english chars + numbers/Unencrypted64.txt,2690,1339,613,391,2499,0
/root/Desktop/final Project/DATASET 18000 files/Unencrypted/only english chars + numbers/Unencrypted1703.txt,4340,2086,910,584,3965,0
/root/Desktop/final Project/DATASET 18000 files/Unencrypted/only english chars + numbers/Unencrypted2749.txt,12835,1407,2358,5018,12247,0
