name of file ,feature 1 , feature 2 , feature 3 , feature 4, feature 5, feature 6, result
/root/Desktop/final Project/DATASET 600 files/Unencrypted/Unencrypted83.txt,14802,2003,518,6677,289,312,0
/root/Desktop/final Project/DATASET 600 files/Unencrypted/Unencrypted153.txt,16886,2496,642,7284,283,312,0
/root/Desktop/final Project/DATASET 600 files/Unencrypted/Unencrypted22.txt,24729,3689,922,10913,432,480,0
/root/Desktop/final Project/DATASET 600 files/Unencrypted/Unencrypted6.txt,30704,4368,1092,13699,616,664,0
/root/Desktop/final Project/DATASET 600 files/Unencrypted/Unencrypted230.txt,29901,4237,1054,13350,604,654,0
/root/Desktop/final Project/DATASET 600 files/Unencrypted/Unencrypted265.txt,15675,2213,556,7015,322,350,0
/root/Desktop/final Project/DATASET 600 files/Unencrypted/Unencrypted213.txt,22107,2997,816,9726,440,482,0
/root/Desktop/final Project/DATASET 600 files/Unencrypted/Unencrypted34.txt,21226,3005,715,9533,448,480,0
/root/Desktop/final Project/DATASET 600 files/Unencrypted/Unencrypted165.txt,31001,4616,1144,13660,544,602,0
/root/Desktop/final Project/DATASET 600 files/Unencrypted/Unencrypted203.txt,26660,3693,919,11990,531,576,0
/root/Desktop/final Project/DATASET 600 files/Unencrypted/Unencrypted207.txt,20105,2790,697,9039,426,454,0
/root/Desktop/final Project/DATASET 600 files/Unencrypted/Unencrypted193.txt,28654,4260,895,12694,580,642,0
/root/Desktop/final Project/DATASET 600 files/Unencrypted/Unencrypted149.txt,20767,3072,791,8971,334,370,0
/root/Desktop/final Project/DATASET 600 files/Unencrypted/Unencrypted81.txt,15114,2122,563,6743,307,338,0
/root/Desktop/final Project/DATASET 600 files/Unencrypted/Unencrypted157.txt,26808,3935,978,11878,490,536,0
/root/Desktop/final Project/DATASET 600 files/Unencrypted/Unencrypted74.txt,25272,3491,903,11272,504,550,0
/root/Desktop/final Project/DATASET 600 files/Unencrypted/Unencrypted92.txt,18726,2924,549,8233,382,422,0
/root/Desktop/final Project/DATASET 600 files/Unencrypted/Unencrypted176.txt,26660,3693,919,11990,531,572,0
/root/Desktop/final Project/DATASET 600 files/Unencrypted/Unencrypted275.txt,27220,3954,961,12112,519,570,0
/root/Desktop/final Project/DATASET 600 files/Unencrypted/Unencrypted199.txt,27681,4132,895,12271,572,630,0
/root/Desktop/final Project/DATASET 600 files/Unencrypted/Unencrypted90.txt,39923,5821,1492,17495,719,796,0
/root/Desktop/final Project/DATASET 600 files/Unencrypted/Unencrypted9.txt,17417,2556,661,7530,284,310,0
/root/Desktop/final Project/DATASET 600 files/Unencrypted/Unencrypted228.txt,24732,3406,884,11097,501,554,0
/root/Desktop/final Project/DATASET 600 files/Unencrypted/Unencrypted274.txt,19641,2762,741,8534,358,388,0
/root/Desktop/final Project/DATASET 600 files/Unencrypted/Unencrypted217.txt,16096,2413,494,7037,309,342,0
/root/Desktop/final Project/DATASET 600 files/Unencrypted/Unencrypted7.txt,30041,4489,932,13336,602,668,0
/root/Desktop/final Project/DATASET 600 files/Unencrypted/Unencrypted185.txt,21288,3160,675,9374,428,474,0
/root/Desktop/final Project/DATASET 600 files/Unencrypted/Unencrypted64.txt,23661,3257,820,10634,469,502,0
/root/Desktop/final Project/DATASET 600 files/Unencrypted/Unencrypted16.txt,18517,2708,650,8211,374,410,0
/root/Desktop/final Project/DATASET 600 files/Unencrypted/Unencrypted106.txt,21480,2914,798,9625,442,484,0
/root/Desktop/final Project/DATASET 600 files/Unencrypted/Unencrypted178.txt,30433,4226,1149,13407,604,662,0
/root/Desktop/final Project/DATASET 600 files/Unencrypted/Unencrypted262.txt,21506,3178,817,9268,361,400,0
/root/Desktop/final Project/DATASET 600 files/Unencrypted/Unencrypted244.txt,25883,3867,976,11189,451,506,0
/root/Desktop/final Project/DATASET 600 files/Unencrypted/Unencrypted127.txt,34613,4862,1213,15346,705,772,0
/root/Desktop/final Project/DATASET 600 files/Unencrypted/Unencrypted294.txt,33027,4855,1247,14389,598,664,0
/root/Desktop/final Project/DATASET 600 files/Unencrypted/Unencrypted270.txt,36096,5028,1325,15925,704,770,0
/root/Desktop/final Project/DATASET 600 files/Unencrypted/Unencrypted52.txt,20283,3027,752,8969,362,402,0
/root/Desktop/final Project/DATASET 600 files/Unencrypted/Unencrypted89.txt,28174,4061,977,12465,545,604,0
/root/Desktop/final Project/DATASET 600 files/Unencrypted/Unencrypted25.txt,27399,3851,999,12013,519,566,0
/root/Desktop/final Project/DATASET 600 files/Unencrypted/Unencrypted208.txt,26760,3992,826,11823,537,596,0
/root/Desktop/final Project/DATASET 600 files/Unencrypted/Unencrypted174.txt,22086,3294,738,9742,445,492,0
/root/Desktop/final Project/DATASET 600 files/Unencrypted/Unencrypted29.txt,32658,4647,1218,14298,600,662,0
/root/Desktop/final Project/DATASET 600 files/Unencrypted/Unencrypted197.txt,36245,5006,1337,16025,701,770,0
/root/Desktop/final Project/DATASET 600 files/Unencrypted/Unencrypted144.txt,30104,4482,941,13337,616,678,0
/root/Desktop/final Project/DATASET 600 files/Unencrypted/Unencrypted100.txt,17294,2430,587,7772,341,366,0
/root/Desktop/final Project/DATASET 600 files/Unencrypted/Unencrypted21.txt,25639,3559,932,11244,489,538,0
/root/Desktop/final Project/DATASET 600 files/Unencrypted/Unencrypted280.txt,15747,2422,455,6970,329,368,0
/root/Desktop/final Project/DATASET 600 files/Unencrypted/Unencrypted121.txt,15584,2244,545,7002,321,346,0
/root/Desktop/final Project/DATASET 600 files/Unencrypted/Unencrypted107.txt,22092,3258,839,9524,379,422,0
/root/Desktop/final Project/DATASET 600 files/Unencrypted/Unencrypted41.txt,13431,1815,487,6028,271,298,0
/root/Desktop/final Project/DATASET 600 files/Unencrypted/Unencrypted114.txt,31587,4547,1085,13974,627,690,0
/root/Desktop/final Project/DATASET 600 files/Unencrypted/Unencrypted188.txt,19629,2801,667,8812,406,440,0
/root/Desktop/final Project/DATASET 600 files/Unencrypted/Unencrypted48.txt,19090,2665,661,8564,382,414,0
/root/Desktop/final Project/DATASET 600 files/Unencrypted/Unencrypted147.txt,32765,4881,1060,14551,675,742,0
/root/Desktop/final Project/DATASET 600 files/Unencrypted/Unencrypted2.txt,22169,3364,834,9766,381,426,0
/root/Desktop/final Project/DATASET 600 files/Unencrypted/Unencrypted248.txt,19750,2648,719,8660,385,424,0
/root/Desktop/final Project/DATASET 600 files/Unencrypted/Unencrypted204.txt,33726,5013,1098,14988,699,770,0
/root/Desktop/final Project/DATASET 600 files/Unencrypted/Unencrypted168.txt,31167,4641,1174,13531,554,618,0
/root/Desktop/final Project/DATASET 600 files/Unencrypted/Unencrypted53.txt,28720,4103,958,12905,609,660,0
/root/Desktop/final Project/DATASET 600 files/Unencrypted/Unencrypted38.txt,26454,3667,927,11916,523,560,0
/root/Desktop/final Project/DATASET 600 files/Unencrypted/Unencrypted112.txt,17342,2371,599,7781,371,396,0
/root/Desktop/final Project/DATASET 600 files/Unencrypted/Unencrypted37.txt,25714,3886,982,11109,433,484,0
/root/Desktop/final Project/DATASET 600 files/Unencrypted/Unencrypted220.txt,22279,3152,742,10029,471,508,0
/root/Desktop/final Project/DATASET 600 files/Unencrypted/Unencrypted61.txt,22073,3424,667,9743,458,504,0
/root/Desktop/final Project/DATASET 600 files/Unencrypted/Unencrypted253.txt,19345,2603,698,8489,382,418,0
/root/Desktop/final Project/DATASET 600 files/Unencrypted/Unencrypted164.txt,20517,2794,738,9020,410,448,0
/root/Desktop/final Project/DATASET 600 files/Unencrypted/Unencrypted12.txt,32864,4876,1077,14586,676,746,0
/root/Desktop/final Project/DATASET 600 files/Unencrypted/Unencrypted221.txt,35740,5233,1192,15813,715,796,0
/root/Desktop/final Project/DATASET 600 files/Unencrypted/Unencrypted57.txt,26841,3995,880,11950,550,606,0
/root/Desktop/final Project/DATASET 600 files/Unencrypted/Unencrypted180.txt,13945,2074,452,6274,309,338,0
/root/Desktop/final Project/DATASET 600 files/Unencrypted/Unencrypted234.txt,25359,3505,863,11425,532,566,0
/root/Desktop/final Project/DATASET 600 files/Unencrypted/Unencrypted272.txt,12439,1869,394,5583,281,308,0
/root/Desktop/final Project/DATASET 600 files/Unencrypted/Unencrypted196.txt,24593,3780,753,10862,525,582,0
/root/Desktop/final Project/DATASET 600 files/Unencrypted/Unencrypted195.txt,27614,3939,975,12348,544,590,0
/root/Desktop/final Project/DATASET 600 files/Unencrypted/Unencrypted62.txt,26678,3642,977,11906,549,602,0
/root/Desktop/final Project/DATASET 600 files/Unencrypted/Unencrypted226.txt,39669,5758,1449,17439,708,774,0
/root/Desktop/final Project/DATASET 600 files/Unencrypted/Unencrypted10.txt,16707,2519,611,7385,298,336,0
/root/Desktop/final Project/DATASET 600 files/Unencrypted/Unencrypted238.txt,32015,4795,1027,14211,654,718,0
/root/Desktop/final Project/DATASET 600 files/Unencrypted/Unencrypted218.txt,34782,4893,1308,15294,672,736,0
/root/Desktop/final Project/DATASET 600 files/Unencrypted/Unencrypted54.txt,23831,3580,779,10522,481,530,0
/root/Desktop/final Project/DATASET 600 files/Unencrypted/Unencrypted135.txt,29938,4126,1066,13366,622,680,0
/root/Desktop/final Project/DATASET 600 files/Unencrypted/Unencrypted103.txt,16775,2404,631,7254,297,324,0
/root/Desktop/final Project/DATASET 600 files/Unencrypted/Unencrypted156.txt,32559,4566,1206,14333,640,700,0
/root/Desktop/final Project/DATASET 600 files/Unencrypted/Unencrypted237.txt,38589,5680,1415,17001,691,760,0
/root/Desktop/final Project/DATASET 600 files/Unencrypted/Unencrypted108.txt,24712,3563,867,11029,483,522,0
/root/Desktop/final Project/DATASET 600 files/Unencrypted/Unencrypted75.txt,38453,5654,1431,16806,683,758,0
/root/Desktop/final Project/DATASET 600 files/Unencrypted/Unencrypted288.txt,20193,3105,617,8960,436,482,0
/root/Desktop/final Project/DATASET 600 files/Unencrypted/Unencrypted47.txt,26095,3839,981,11310,456,504,0
/root/Desktop/final Project/DATASET 600 files/Unencrypted/Unencrypted279.txt,32423,4622,1155,14508,649,706,0
/root/Desktop/final Project/DATASET 600 files/Unencrypted/Unencrypted110.txt,25272,3491,903,11272,504,550,0
/root/Desktop/final Project/DATASET 600 files/Unencrypted/Unencrypted105.txt,26530,4021,818,11757,554,612,0
/root/Desktop/final Project/DATASET 600 files/Unencrypted/Unencrypted229.txt,23202,3425,886,10006,396,438,0
/root/Desktop/final Project/DATASET 600 files/Unencrypted/Unencrypted296.txt,17851,2750,537,7916,372,414,0
/root/Desktop/final Project/DATASET 600 files/Unencrypted/Unencrypted249.txt,18902,2966,734,8193,316,354,0
/root/Desktop/final Project/DATASET 600 files/Unencrypted/Unencrypted125.txt,24292,3334,836,10935,477,516,0
/root/Desktop/final Project/DATASET 600 files/Unencrypted/Unencrypted20.txt,32864,4876,1077,14586,676,748,0
/root/Desktop/final Project/DATASET 600 files/Unencrypted/Unencrypted129.txt,23128,3380,789,10362,483,526,0
/root/Desktop/final Project/DATASET 600 files/Unencrypted/Unencrypted239.txt,13292,1889,487,5930,286,320,0
/root/Desktop/final Project/DATASET 600 files/Unencrypted/Unencrypted227.txt,31817,4791,1031,14091,645,710,0
/root/Desktop/final Project/DATASET 600 files/Unencrypted/Unencrypted19.txt,29380,4103,1037,13187,587,632,0
/root/Desktop/final Project/DATASET 600 files/Unencrypted/Unencrypted70.txt,19493,2583,729,8539,366,396,0
/root/Desktop/final Project/DATASET 600 files/Unencrypted/Unencrypted99.txt,34642,5076,1313,15114,634,702,0
/root/Desktop/final Project/DATASET 600 files/Unencrypted/Unencrypted159.txt,16806,2630,505,7357,345,386,0
/root/Desktop/final Project/DATASET 600 files/Unencrypted/Unencrypted216.txt,13954,2063,444,6283,304,334,0
/root/Desktop/final Project/DATASET 600 files/Unencrypted/Unencrypted284.txt,14577,2083,500,6573,305,328,0
/root/Desktop/final Project/DATASET 600 files/Unencrypted/Unencrypted96.txt,28310,4000,948,12734,600,648,0
/root/Desktop/final Project/DATASET 600 files/Unencrypted/Unencrypted140.txt,23455,3241,820,10542,490,524,0
/root/Desktop/final Project/DATASET 600 files/Unencrypted/Unencrypted146.txt,31488,4675,1156,13891,560,618,0
/root/Desktop/final Project/DATASET 600 files/Unencrypted/Unencrypted177.txt,27548,4133,848,12204,555,614,0
/root/Desktop/final Project/DATASET 600 files/Unencrypted/Unencrypted286.txt,20073,2757,763,8756,378,410,0
/root/Desktop/final Project/DATASET 600 files/Unencrypted/Unencrypted209.txt,25791,3560,955,11381,525,574,0
/root/Desktop/final Project/DATASET 600 files/Unencrypted/Unencrypted40.txt,14014,2013,476,6232,279,308,0
/root/Desktop/final Project/DATASET 600 files/Unencrypted/Unencrypted124.txt,21278,3312,837,9202,351,392,0
/root/Desktop/final Project/DATASET 600 files/Unencrypted/Unencrypted246.txt,15760,2476,475,6884,322,360,0
/root/Desktop/final Project/DATASET 600 files/Unencrypted/Unencrypted49.txt,20663,3043,699,9260,424,460,0
/root/Desktop/final Project/DATASET 600 files/Unencrypted/Unencrypted194.txt,38198,5483,1437,16726,702,776,0
/root/Desktop/final Project/DATASET 600 files/Unencrypted/Unencrypted186.txt,26449,3654,993,11540,480,520,0
/root/Desktop/final Project/DATASET 600 files/Unencrypted/Unencrypted297.txt,30642,4285,1097,13612,631,694,0
/root/Desktop/final Project/DATASET 600 files/Unencrypted/Unencrypted133.txt,21918,3104,767,9820,428,462,0
/root/Desktop/final Project/DATASET 600 files/Unencrypted/Unencrypted182.txt,26397,3881,989,11447,464,514,0
/root/Desktop/final Project/DATASET 600 files/Unencrypted/Unencrypted36.txt,14313,1936,513,6349,300,332,0
/root/Desktop/final Project/DATASET 600 files/Unencrypted/Unencrypted210.txt,29431,4399,1091,12975,507,556,0
/root/Desktop/final Project/DATASET 600 files/Unencrypted/Unencrypted94.txt,16480,2364,605,7129,298,328,0
/root/Desktop/final Project/DATASET 600 files/Unencrypted/Unencrypted170.txt,26651,3979,800,11800,537,600,0
/root/Desktop/final Project/DATASET 600 files/Unencrypted/Unencrypted24.txt,27317,4062,892,12056,552,614,0
/root/Desktop/final Project/DATASET 600 files/Unencrypted/Unencrypted67.txt,39442,5798,1412,17478,725,792,0
/root/Desktop/final Project/DATASET 600 files/Unencrypted/Unencrypted231.txt,18376,2810,560,8178,375,418,0
/root/Desktop/final Project/DATASET 600 files/Unencrypted/Unencrypted76.txt,18126,2521,630,8140,379,404,0
/root/Desktop/final Project/DATASET 600 files/Unencrypted/Unencrypted58.txt,34007,4785,1202,15076,697,762,0
/root/Desktop/final Project/DATASET 600 files/Unencrypted/Unencrypted261.txt,20131,2782,742,9034,424,464,0
/root/Desktop/final Project/DATASET 600 files/Unencrypted/Unencrypted247.txt,13853,1945,509,6217,281,304,0
/root/Desktop/final Project/DATASET 600 files/Unencrypted/Unencrypted119.txt,32231,4577,1189,14095,583,650,0
/root/Desktop/final Project/DATASET 600 files/Unencrypted/Unencrypted202.txt,26121,3961,1002,11275,449,500,0
/root/Desktop/final Project/DATASET 600 files/Unencrypted/Unencrypted1.txt,23526,3211,872,10284,441,482,0
/root/Desktop/final Project/DATASET 600 files/Unencrypted/Unencrypted77.txt,32134,4771,1030,14255,664,732,0
/root/Desktop/final Project/DATASET 600 files/Unencrypted/Unencrypted152.txt,20371,2795,761,9093,432,472,0
/root/Desktop/final Project/DATASET 600 files/Unencrypted/Unencrypted181.txt,31839,4612,1076,14079,635,700,0
/root/Desktop/final Project/DATASET 600 files/Unencrypted/Unencrypted277.txt,16248,2359,561,7186,327,364,0
/root/Desktop/final Project/DATASET 600 files/Unencrypted/Unencrypted240.txt,24865,3429,936,10880,445,482,0
/root/Desktop/final Project/DATASET 600 files/Unencrypted/Unencrypted91.txt,19847,2760,688,8931,422,450,0
/root/Desktop/final Project/DATASET 600 files/Unencrypted/Unencrypted172.txt,31248,4691,1164,13613,529,588,0
/root/Desktop/final Project/DATASET 600 files/Unencrypted/Unencrypted15.txt,17517,2659,537,7815,367,404,0
/root/Desktop/final Project/DATASET 600 files/Unencrypted/Unencrypted104.txt,34844,5079,1250,15489,658,722,0
/root/Desktop/final Project/DATASET 600 files/Unencrypted/Unencrypted3.txt,25943,3637,882,11674,550,590,0
/root/Desktop/final Project/DATASET 600 files/Unencrypted/Unencrypted154.txt,34529,4962,1228,15380,673,738,0
/root/Desktop/final Project/DATASET 600 files/Unencrypted/Unencrypted291.txt,33468,4714,1167,15019,679,734,0
/root/Desktop/final Project/DATASET 600 files/Unencrypted/Unencrypted33.txt,36875,5416,1384,16113,644,714,0
/root/Desktop/final Project/DATASET 600 files/Unencrypted/Unencrypted132.txt,18940,2928,741,8165,298,334,0
/root/Desktop/final Project/DATASET 600 files/Unencrypted/Unencrypted102.txt,20579,2797,763,9215,426,466,0
/root/Desktop/final Project/DATASET 600 files/Unencrypted/Unencrypted66.txt,29128,4014,1102,12828,585,642,0
/root/Desktop/final Project/DATASET 600 files/Unencrypted/Unencrypted271.txt,37521,5415,1371,16672,693,756,0
/root/Desktop/final Project/DATASET 600 files/Unencrypted/Unencrypted115.txt,28366,4250,1057,12269,503,558,0
/root/Desktop/final Project/DATASET 600 files/Unencrypted/Unencrypted138.txt,33881,4989,1103,14980,687,764,0
/root/Desktop/final Project/DATASET 600 files/Unencrypted/Unencrypted88.txt,20927,3067,669,9357,455,496,0
/root/Desktop/final Project/DATASET 600 files/Unencrypted/Unencrypted139.txt,39179,5742,1476,17135,702,780,0
/root/Desktop/final Project/DATASET 600 files/Unencrypted/Unencrypted254.txt,19282,3027,731,8353,319,356,0
/root/Desktop/final Project/DATASET 600 files/Unencrypted/Unencrypted128.txt,37972,5528,1392,16713,685,750,0
/root/Desktop/final Project/DATASET 600 files/Unencrypted/Unencrypted200.txt,13286,1853,478,5950,271,298,0
/root/Desktop/final Project/DATASET 600 files/Unencrypted/Unencrypted130.txt,24395,3651,805,10752,500,558,0
/root/Desktop/final Project/DATASET 600 files/Unencrypted/Unencrypted233.txt,35078,5206,1304,15280,620,692,0
/root/Desktop/final Project/DATASET 600 files/Unencrypted/Unencrypted257.txt,25087,3464,917,11173,525,570,0
/root/Desktop/final Project/DATASET 600 files/Unencrypted/Unencrypted44.txt,14612,2118,515,6542,304,326,0
/root/Desktop/final Project/DATASET 600 files/Unencrypted/Unencrypted111.txt,37963,5602,1413,16597,671,746,0
/root/Desktop/final Project/DATASET 600 files/Unencrypted/Unencrypted84.txt,25555,3749,854,11466,536,584,0
/root/Desktop/final Project/DATASET 600 files/Unencrypted/Unencrypted56.txt,31548,4623,1129,13959,587,644,0
/root/Desktop/final Project/DATASET 600 files/Unencrypted/Unencrypted51.txt,29271,4125,1072,12813,542,594,0
/root/Desktop/final Project/DATASET 600 files/Unencrypted/Unencrypted171.txt,19314,2663,740,8606,411,452,0
/root/Desktop/final Project/DATASET 600 files/Unencrypted/Unencrypted30.txt,35582,5117,1277,15872,702,760,0
/root/Desktop/final Project/DATASET 600 files/Unencrypted/Unencrypted95.txt,20321,3112,759,8927,354,398,0
/root/Desktop/final Project/DATASET 600 files/Unencrypted/Unencrypted292.txt,22856,3441,700,10070,453,510,0
/root/Desktop/final Project/DATASET 600 files/Unencrypted/Unencrypted215.txt,23135,3192,801,10414,453,486,0
/root/Desktop/final Project/DATASET 600 files/Unencrypted/Unencrypted211.txt,25053,3603,841,11238,527,570,0
/root/Desktop/final Project/DATASET 600 files/Unencrypted/Unencrypted17.txt,14557,1952,520,6460,304,334,0
/root/Desktop/final Project/DATASET 600 files/Unencrypted/Unencrypted120.txt,21507,3093,759,9566,416,446,0
/root/Desktop/final Project/DATASET 600 files/Unencrypted/Unencrypted160.txt,23019,3143,841,10304,459,500,0
/root/Desktop/final Project/DATASET 600 files/Unencrypted/Unencrypted191.txt,26079,3978,1008,11341,424,478,0
/root/Desktop/final Project/DATASET 600 files/Unencrypted/Unencrypted282.txt,20475,3154,796,8800,334,376,0
/root/Desktop/final Project/DATASET 600 files/Unencrypted/Unencrypted187.txt,23668,3490,854,10513,442,490,0
/root/Desktop/final Project/DATASET 600 files/Unencrypted/Unencrypted73.txt,22652,3440,713,10034,479,530,0
/root/Desktop/final Project/DATASET 600 files/Unencrypted/Unencrypted101.txt,31053,4623,986,13776,635,696,0
/root/Desktop/final Project/DATASET 600 files/Unencrypted/Unencrypted256.txt,24990,3760,741,11035,501,554,0
/root/Desktop/final Project/DATASET 600 files/Unencrypted/Unencrypted264.txt,34024,5058,1106,15112,699,768,0
/root/Desktop/final Project/DATASET 600 files/Unencrypted/Unencrypted260.txt,20271,3057,614,8877,398,444,0
/root/Desktop/final Project/DATASET 600 files/Unencrypted/Unencrypted242.txt,24453,3739,752,10814,512,566,0
/root/Desktop/final Project/DATASET 600 files/Unencrypted/Unencrypted65.txt,28864,4328,899,12805,581,644,0
/root/Desktop/final Project/DATASET 600 files/Unencrypted/Unencrypted145.txt,23107,3162,855,10182,462,506,0
/root/Desktop/final Project/DATASET 600 files/Unencrypted/Unencrypted55.txt,21602,2900,815,9454,408,450,0
/root/Desktop/final Project/DATASET 600 files/Unencrypted/Unencrypted267.txt,27743,4104,1010,12262,506,560,0
/root/Desktop/final Project/DATASET 600 files/Unencrypted/Unencrypted126.txt,18113,2754,553,8072,379,420,0
/root/Desktop/final Project/DATASET 600 files/Unencrypted/Unencrypted134.txt,27293,4067,877,12099,568,622,0
/root/Desktop/final Project/DATASET 600 files/Unencrypted/Unencrypted5.txt,36329,5193,1356,15920,667,738,0
/root/Desktop/final Project/DATASET 600 files/Unencrypted/Unencrypted82.txt,30610,4519,1148,13295,555,612,0
/root/Desktop/final Project/DATASET 600 files/Unencrypted/Unencrypted85.txt,32831,4689,1115,14570,654,726,0
/root/Desktop/final Project/DATASET 600 files/Unencrypted/Unencrypted39.txt,16664,2559,485,7379,352,392,0
/root/Desktop/final Project/DATASET 600 files/Unencrypted/Unencrypted151.txt,25441,3817,763,11247,508,568,0
/root/Desktop/final Project/DATASET 600 files/Unencrypted/Unencrypted179.txt,38657,5630,1397,17144,712,778,0
/root/Desktop/final Project/DATASET 600 files/Unencrypted/Unencrypted86.txt,22619,3344,873,9747,385,428,0
/root/Desktop/final Project/DATASET 600 files/Unencrypted/Unencrypted278.txt,36422,5218,1365,15940,661,730,0
/root/Desktop/final Project/DATASET 600 files/Unencrypted/Unencrypted93.txt,22909,3127,836,10247,460,506,0
/root/Desktop/final Project/DATASET 600 files/Unencrypted/Unencrypted79.txt,28262,4124,1001,12564,538,592,0
/root/Desktop/final Project/DATASET 600 files/Unencrypted/Unencrypted258.txt,26622,4038,1024,11570,441,494,0
/root/Desktop/final Project/DATASET 600 files/Unencrypted/Unencrypted46.txt,15825,2193,602,7063,326,356,0
/root/Desktop/final Project/DATASET 600 files/Unencrypted/Unencrypted63.txt,26592,4007,1004,11518,449,498,0
/root/Desktop/final Project/DATASET 600 files/Unencrypted/Unencrypted161.txt,35750,5311,1335,15600,631,700,0
/root/Desktop/final Project/DATASET 600 files/Unencrypted/Unencrypted263.txt,17144,2477,617,7653,332,362,0
/root/Desktop/final Project/DATASET 600 files/Unencrypted/Unencrypted190.txt,19010,2591,676,8424,398,436,0
/root/Desktop/final Project/DATASET 600 files/Unencrypted/Unencrypted87.txt,24615,3551,865,10996,479,520,0
/root/Desktop/final Project/DATASET 600 files/Unencrypted/Unencrypted143.txt,26990,3730,947,12157,534,578,0
/root/Desktop/final Project/DATASET 600 files/Unencrypted/Unencrypted116.txt,19734,2759,686,8878,388,420,0
/root/Desktop/final Project/DATASET 600 files/Unencrypted/Unencrypted245.txt,34821,4923,1200,15645,707,766,0
/root/Desktop/final Project/DATASET 600 files/Unencrypted/Unencrypted137.txt,26246,3649,897,11825,554,596,0
/root/Desktop/final Project/DATASET 600 files/Unencrypted/Unencrypted136.txt,28795,4359,1089,12525,478,538,0
/root/Desktop/final Project/DATASET 600 files/Unencrypted/Unencrypted14.txt,27627,3842,975,12378,553,598,0
/root/Desktop/final Project/DATASET 600 files/Unencrypted/Unencrypted243.txt,23019,3143,841,10304,459,504,0
/root/Desktop/final Project/DATASET 600 files/Unencrypted/Unencrypted97.txt,14298,2216,430,6229,281,316,0
/root/Desktop/final Project/DATASET 600 files/Unencrypted/Unencrypted11.txt,18314,2525,629,8216,387,410,0
/root/Desktop/final Project/DATASET 600 files/Unencrypted/Unencrypted192.txt,23861,3301,839,10731,500,534,0
/root/Desktop/final Project/DATASET 600 files/Unencrypted/Unencrypted252.txt,17640,2564,623,7843,358,390,0
/root/Desktop/final Project/DATASET 600 files/Unencrypted/Unencrypted4.txt,23700,3535,756,10436,475,526,0
/root/Desktop/final Project/DATASET 600 files/Unencrypted/Unencrypted219.txt,20778,3116,770,9183,373,420,0
/root/Desktop/final Project/DATASET 600 files/Unencrypted/Unencrypted98.txt,16492,2272,603,7368,327,360,0
/root/Desktop/final Project/DATASET 600 files/Unencrypted/Unencrypted259.txt,28071,3924,954,12656,587,628,0
/root/Desktop/final Project/DATASET 600 files/Unencrypted/Unencrypted123.txt,18927,2564,653,8361,386,424,0
/root/Desktop/final Project/DATASET 600 files/Unencrypted/Unencrypted68.txt,23653,3592,746,10457,495,546,0
/root/Desktop/final Project/DATASET 600 files/Unencrypted/Unencrypted23.txt,21383,3028,718,9615,451,488,0
/root/Desktop/final Project/DATASET 600 files/Unencrypted/Unencrypted117.txt,14662,2083,502,6612,314,342,0
/root/Desktop/final Project/DATASET 600 files/Unencrypted/Unencrypted281.txt,32952,4602,1164,14633,674,736,0
/root/Desktop/final Project/DATASET 600 files/Unencrypted/Unencrypted32.txt,28271,3917,1002,12626,570,626,0
/root/Desktop/final Project/DATASET 600 files/Unencrypted/Unencrypted45.txt,23948,3598,737,10577,472,530,0
/root/Desktop/final Project/DATASET 600 files/Unencrypted/Unencrypted273.txt,32270,4694,1093,14268,639,706,0
/root/Desktop/final Project/DATASET 600 files/Unencrypted/Unencrypted166.txt,29553,4306,964,13198,625,680,0
/root/Desktop/final Project/DATASET 600 files/Unencrypted/Unencrypted13.txt,37505,5454,1384,16378,680,752,0
/root/Desktop/final Project/DATASET 600 files/Unencrypted/Unencrypted109.txt,27269,4082,879,12110,564,618,0
/root/Desktop/final Project/DATASET 600 files/Unencrypted/Unencrypted118.txt,26232,3894,874,11563,536,596,0
/root/Desktop/final Project/DATASET 600 files/Unencrypted/Unencrypted27.txt,17373,2526,598,7815,362,392,0
/root/Desktop/final Project/DATASET 600 files/Unencrypted/Unencrypted113.txt,13028,1934,410,5866,278,304,0
/root/Desktop/final Project/DATASET 600 files/Unencrypted/Unencrypted158.txt,18055,2585,628,8103,375,400,0
/root/Desktop/final Project/DATASET 600 files/Unencrypted/Unencrypted232.txt,26256,3711,940,11674,525,574,0
/root/Desktop/final Project/DATASET 600 files/Unencrypted/Unencrypted131.txt,14838,1954,531,6564,296,318,0
/root/Desktop/final Project/DATASET 600 files/Unencrypted/Unencrypted269.txt,20440,3157,619,8977,408,458,0
/root/Desktop/final Project/DATASET 600 files/Unencrypted/Unencrypted276.txt,26393,3921,869,11756,546,604,0
/root/Desktop/final Project/DATASET 600 files/Unencrypted/Unencrypted300.txt,25703,3686,897,11384,505,558,0
/root/Desktop/final Project/DATASET 600 files/Unencrypted/Unencrypted26.txt,30285,4389,1104,13434,565,618,0
/root/Desktop/final Project/DATASET 600 files/Unencrypted/Unencrypted148.txt,29867,4135,1074,13300,614,670,0
/root/Desktop/final Project/DATASET 600 files/Unencrypted/Unencrypted201.txt,14228,1927,503,6344,291,316,0
/root/Desktop/final Project/DATASET 600 files/Unencrypted/Unencrypted293.txt,15592,2201,583,6953,318,352,0
/root/Desktop/final Project/DATASET 600 files/Unencrypted/Unencrypted35.txt,29257,4342,976,12939,600,668,0
/root/Desktop/final Project/DATASET 600 files/Unencrypted/Unencrypted222.txt,22713,3259,857,9888,420,458,0
/root/Desktop/final Project/DATASET 600 files/Unencrypted/Unencrypted78.txt,30675,4321,1142,13451,574,628,0
/root/Desktop/final Project/DATASET 600 files/Unencrypted/Unencrypted71.txt,18217,2879,702,7902,312,348,0
/root/Desktop/final Project/DATASET 600 files/Unencrypted/Unencrypted155.txt,27550,4134,848,12199,551,608,0
/root/Desktop/final Project/DATASET 600 files/Unencrypted/Unencrypted60.txt,13899,1935,494,6203,286,308,0
/root/Desktop/final Project/DATASET 600 files/Unencrypted/Unencrypted205.txt,14219,1922,512,6306,296,324,0
/root/Desktop/final Project/DATASET 600 files/Unencrypted/Unencrypted225.txt,30891,4276,1105,13748,637,696,0
/root/Desktop/final Project/DATASET 600 files/Unencrypted/Unencrypted224.txt,19078,2945,584,8448,394,440,0
/root/Desktop/final Project/DATASET 600 files/Unencrypted/Unencrypted50.txt,23909,3525,799,10545,487,542,0
/root/Desktop/final Project/DATASET 600 files/Unencrypted/Unencrypted206.txt,33626,4988,1258,14692,569,632,0
/root/Desktop/final Project/DATASET 600 files/Unencrypted/Unencrypted235.txt,25815,3849,815,11406,522,582,0
/root/Desktop/final Project/DATASET 600 files/Unencrypted/Unencrypted18.txt,21945,3340,830,9447,353,392,0
/root/Desktop/final Project/DATASET 600 files/Unencrypted/Unencrypted173.txt,32714,4613,1103,14701,689,744,0
/root/Desktop/final Project/DATASET 600 files/Unencrypted/Unencrypted236.txt,21989,3026,796,9723,458,504,0
/root/Desktop/final Project/DATASET 600 files/Unencrypted/Unencrypted290.txt,27082,3994,1022,11745,471,520,0
/root/Desktop/final Project/DATASET 600 files/Unencrypted/Unencrypted167.txt,29715,4221,1043,13193,586,642,0
/root/Desktop/final Project/DATASET 600 files/Unencrypted/Unencrypted251.txt,18648,2832,575,8292,399,442,0
/root/Desktop/final Project/DATASET 600 files/Unencrypted/Unencrypted223.txt,34249,4902,1218,15245,670,736,0
/root/Desktop/final Project/DATASET 600 files/Unencrypted/Unencrypted59.txt,34951,5146,1298,15333,615,680,0
/root/Desktop/final Project/DATASET 600 files/Unencrypted/Unencrypted298.txt,33739,5006,1262,14746,569,632,0
/root/Desktop/final Project/DATASET 600 files/Unencrypted/Unencrypted299.txt,33825,4878,1096,15126,716,776,0
/root/Desktop/final Project/DATASET 600 files/Unencrypted/Unencrypted142.txt,39042,5677,1465,17016,709,784,0
/root/Desktop/final Project/DATASET 600 files/Unencrypted/Unencrypted214.txt,19204,3004,743,8319,320,358,0
/root/Desktop/final Project/DATASET 600 files/Unencrypted/Unencrypted80.txt,34257,5029,1101,15203,695,764,0
/root/Desktop/final Project/DATASET 600 files/Unencrypted/Unencrypted241.txt,35155,5111,1265,15627,666,730,0
/root/Desktop/final Project/DATASET 600 files/Unencrypted/Unencrypted141.txt,32045,4782,1043,14215,660,730,0
/root/Desktop/final Project/DATASET 600 files/Unencrypted/Unencrypted72.txt,21715,3006,741,9791,421,448,0
/root/Desktop/final Project/DATASET 600 files/Unencrypted/Unencrypted289.txt,25048,3513,888,11153,499,544,0
/root/Desktop/final Project/DATASET 600 files/Unencrypted/Unencrypted175.txt,39363,5729,1473,17165,717,792,0
/root/Desktop/final Project/DATASET 600 files/Unencrypted/Unencrypted169.txt,25680,3568,891,11546,524,564,0
/root/Desktop/final Project/DATASET 600 files/Unencrypted/Unencrypted8.txt,19265,2655,738,8588,407,444,0
/root/Desktop/final Project/DATASET 600 files/Unencrypted/Unencrypted285.txt,32742,4837,1067,14486,664,738,0
/root/Desktop/final Project/DATASET 600 files/Unencrypted/Unencrypted162.txt,34201,4880,1123,15330,727,788,0
/root/Desktop/final Project/DATASET 600 files/Unencrypted/Unencrypted42.txt,18709,2728,711,8049,328,358,0
/root/Desktop/final Project/DATASET 600 files/Unencrypted/Unencrypted266.txt,23171,3176,852,10149,432,476,0
/root/Desktop/final Project/DATASET 600 files/Unencrypted/Unencrypted295.txt,23571,3251,806,10594,481,516,0
/root/Desktop/final Project/DATASET 600 files/Unencrypted/Unencrypted198.txt,33429,4930,1204,14788,621,686,0
/root/Desktop/final Project/DATASET 600 files/Unencrypted/Unencrypted28.txt,25235,3752,824,11122,510,566,0
/root/Desktop/final Project/DATASET 600 files/Unencrypted/Unencrypted287.txt,38710,5617,1407,17177,712,778,0
/root/Desktop/final Project/DATASET 600 files/Unencrypted/Unencrypted268.txt,17307,2468,609,7757,357,384,0
/root/Desktop/final Project/DATASET 600 files/Unencrypted/Unencrypted150.txt,31652,4484,1130,14169,641,698,0
/root/Desktop/final Project/DATASET 600 files/Unencrypted/Unencrypted184.txt,12737,1852,413,5745,275,302,0
/root/Desktop/final Project/DATASET 600 files/Unencrypted/Unencrypted183.txt,25450,3568,901,11404,505,550,0
/root/Desktop/final Project/DATASET 600 files/Unencrypted/Unencrypted212.txt,22625,3364,735,9972,456,508,0
/root/Desktop/final Project/DATASET 600 files/Unencrypted/Unencrypted255.txt,28254,3915,1012,12704,566,608,0
/root/Desktop/final Project/DATASET 600 files/Unencrypted/Unencrypted122.txt,29968,4446,991,13265,612,684,0
/root/Desktop/final Project/DATASET 600 files/Unencrypted/Unencrypted69.txt,16471,2357,574,7361,353,394,0
/root/Desktop/final Project/DATASET 600 files/Unencrypted/Unencrypted43.txt,24752,3550,880,11021,469,516,0
/root/Desktop/final Project/DATASET 600 files/Unencrypted/Unencrypted283.txt,20028,2782,697,9011,397,432,0
/root/Desktop/final Project/DATASET 600 files/Unencrypted/Unencrypted189.txt,26785,4003,861,11831,541,604,0
/root/Desktop/final Project/DATASET 600 files/Unencrypted/Unencrypted163.txt,19099,2787,659,8435,372,414,0
/root/Desktop/final Project/DATASET 600 files/Unencrypted/Unencrypted31.txt,16480,2555,477,7288,343,386,0
/root/Desktop/final Project/DATASET 600 files/Unencrypted/Unencrypted250.txt,24335,3347,838,10951,473,510,0
/root/Desktop/final Project/DATASET 600 files/Encrypted/Gronsfeld/Gronsfeld-125-83%.txt,6258,1055,353,2668,90,556,1
/root/Desktop/final Project/DATASET 600 files/Encrypted/Gronsfeld/Gronsfeld-103-92%.txt,2633,455,218,1058,34,478,1
/root/Desktop/final Project/DATASET 600 files/Encrypted/Gronsfeld/Gronsfeld-129-31%.txt,14184,2209,573,6144,221,358,1
/root/Desktop/final Project/DATASET 600 files/Encrypted/Gronsfeld/Gronsfeld-134-94%.txt,908,218,121,364,19,420,1
/root/Desktop/final Project/DATASET 600 files/Encrypted/Gronsfeld/Gronsfeld-115-42%.txt,8657,1230,331,3831,166,316,1
/root/Desktop/final Project/DATASET 600 files/Encrypted/Gronsfeld/Gronsfeld-133-61%.txt,12218,1846,541,5424,259,736,1
/root/Desktop/final Project/DATASET 600 files/Encrypted/Gronsfeld/Gronsfeld-145-45%.txt,11922,1696,507,5090,218,438,1
/root/Desktop/final Project/DATASET 600 files/Encrypted/Gronsfeld/Gronsfeld-106-35%.txt,22425,3130,882,9874,458,776,1
/root/Desktop/final Project/DATASET 600 files/Encrypted/Gronsfeld/Gronsfeld-140-63%.txt,7220,1140,297,3238,150,440,1
/root/Desktop/final Project/DATASET 600 files/Encrypted/Gronsfeld/Gronsfeld-118-66%.txt,10989,1726,461,4900,238,770,1
/root/Desktop/final Project/DATASET 600 files/Encrypted/Gronsfeld/Gronsfeld-122-97%.txt,1050,278,155,409,20,596,1
/root/Desktop/final Project/DATASET 600 files/Encrypted/Gronsfeld/Gronsfeld-102-80%.txt,3121,571,187,1370,77,436,1
/root/Desktop/final Project/DATASET 600 files/Encrypted/Gronsfeld/Gronsfeld-111-45%.txt,15100,2209,586,6771,319,630,1
/root/Desktop/final Project/DATASET 600 files/Encrypted/Gronsfeld/Gronsfeld-123-34%.txt,16680,2347,650,7483,344,574,1
/root/Desktop/final Project/DATASET 600 files/Encrypted/Gronsfeld/Gronsfeld-146-36%.txt,14337,2020,531,6401,289,488,1
/root/Desktop/final Project/DATASET 600 files/Encrypted/Gronsfeld/Gronsfeld-136-60%.txt,8714,1290,348,3878,188,508,1
/root/Desktop/final Project/DATASET 600 files/Encrypted/Gronsfeld/Gronsfeld-127-91%.txt,1833,357,168,771,39,508,1
/root/Desktop/final Project/DATASET 600 files/Encrypted/Gronsfeld/Gronsfeld-138-98%.txt,636,187,126,234,8,458,1
/root/Desktop/final Project/DATASET 600 files/Encrypted/Gronsfeld/Gronsfeld-124-84%.txt,2998,574,190,1282,71,538,1
/root/Desktop/final Project/DATASET 600 files/Encrypted/Gronsfeld/Gronsfeld-148-31%.txt,12580,1918,433,5661,261,418,1
/root/Desktop/final Project/DATASET 600 files/Encrypted/Gronsfeld/Gronsfeld-108-98%.txt,813,221,160,295,12,582,1
/root/Desktop/final Project/DATASET 600 files/Encrypted/Gronsfeld/Gronsfeld-110-75%.txt,9795,1628,486,4194,150,686,1
/root/Desktop/final Project/DATASET 600 files/Encrypted/Gronsfeld/Gronsfeld-144-90%.txt,2461,471,179,1062,47,554,1
/root/Desktop/final Project/DATASET 600 files/Encrypted/Gronsfeld/Gronsfeld-130-60%.txt,9891,1410,412,4450,180,486,1
/root/Desktop/final Project/DATASET 600 files/Encrypted/Gronsfeld/Gronsfeld-139-52%.txt,17885,2749,745,7870,314,736,1
/root/Desktop/final Project/DATASET 600 files/Encrypted/Gronsfeld/Gronsfeld-109-88%.txt,4908,773,320,2133,81,770,1
/root/Desktop/final Project/DATASET 600 files/Encrypted/Gronsfeld/Gronsfeld-121-71%.txt,5759,804,254,2561,129,454,1
/root/Desktop/final Project/DATASET 600 files/Encrypted/Gronsfeld/Gronsfeld-114-57%.txt,6310,900,231,2790,115,298,1
/root/Desktop/final Project/DATASET 600 files/Encrypted/Gronsfeld/Gronsfeld-104-85%.txt,4021,645,252,1769,74,534,1
/root/Desktop/final Project/DATASET 600 files/Encrypted/Gronsfeld/Gronsfeld-120-49%.txt,18189,2754,760,7809,286,632,1
/root/Desktop/final Project/DATASET 600 files/Encrypted/Gronsfeld/Gronsfeld-141-98%.txt,711,243,182,238,11,696,1
/root/Desktop/final Project/DATASET 600 files/Encrypted/Gronsfeld/Gronsfeld-150-47%.txt,18585,2710,767,8008,334,692,1
/root/Desktop/final Project/DATASET 600 files/Encrypted/Gronsfeld/Gronsfeld-137-44%.txt,20438,3177,700,8915,397,796,1
/root/Desktop/final Project/DATASET 600 files/Encrypted/Gronsfeld/Gronsfeld-107-89%.txt,2882,617,220,1179,56,590,1
/root/Desktop/final Project/DATASET 600 files/Encrypted/Gronsfeld/Gronsfeld-117-36%.txt,17208,2407,617,7741,340,576,1
/root/Desktop/final Project/DATASET 600 files/Encrypted/Gronsfeld/Gronsfeld-142-82%.txt,8264,1277,468,3472,128,774,1
/root/Desktop/final Project/DATASET 600 files/Encrypted/Gronsfeld/Gronsfeld-128-84%.txt,3567,617,217,1564,74,482,1
/root/Desktop/final Project/DATASET 600 files/Encrypted/Gronsfeld/Gronsfeld-126-31%.txt,17479,2493,665,7805,366,570,1
/root/Desktop/final Project/DATASET 600 files/Encrypted/Gronsfeld/Gronsfeld-131-63%.txt,5192,788,240,2310,117,334,1
/root/Desktop/final Project/DATASET 600 files/Encrypted/Gronsfeld/Gronsfeld-119-93%.txt,1242,269,96,521,20,324,1
/root/Desktop/final Project/DATASET 600 files/Encrypted/Gronsfeld/Gronsfeld-147-90%.txt,3366,691,254,1374,61,654,1
/root/Desktop/final Project/DATASET 600 files/Encrypted/Gronsfeld/Gronsfeld-143-50%.txt,16144,2424,638,7200,327,710,1
/root/Desktop/final Project/DATASET 600 files/Encrypted/Gronsfeld/Gronsfeld-132-99%.txt,256,100,85,73,4,342,1
/root/Desktop/final Project/DATASET 600 files/Encrypted/Gronsfeld/Gronsfeld-112-78%.txt,5491,899,305,2364,87,426,1
/root/Desktop/final Project/DATASET 600 files/Encrypted/Gronsfeld/Gronsfeld-113-55%.txt,13862,2186,515,6151,304,748,1
/root/Desktop/final Project/DATASET 600 files/Encrypted/Gronsfeld/Gronsfeld-116-38%.txt,16596,2490,676,7130,283,500,1
/root/Desktop/final Project/DATASET 600 files/Encrypted/Gronsfeld/Gronsfeld-105-90%.txt,2955,555,207,1283,60,642,1
/root/Desktop/final Project/DATASET 600 files/Encrypted/Gronsfeld/Gronsfeld-135-39%.txt,14995,2409,628,6478,257,480,1
/root/Desktop/final Project/DATASET 600 files/Encrypted/Gronsfeld/Gronsfeld-101-37%.txt,18553,2590,690,8341,370,632,1
/root/Desktop/final Project/DATASET 600 files/Encrypted/Gronsfeld/Gronsfeld-149-31%.txt,17996,2657,674,7980,367,574,1
/root/Desktop/final Project/DATASET 600 files/Encrypted/Atbash/Atbash-38-35%.txt,13099,1987,555,5633,200,334,1
/root/Desktop/final Project/DATASET 600 files/Encrypted/Atbash/Atbash-26-86%.txt,2338,392,144,1027,43,346,1
/root/Desktop/final Project/DATASET 600 files/Encrypted/Atbash/Atbash-48-67%.txt,10076,1625,416,4469,215,730,1
/root/Desktop/final Project/DATASET 600 files/Encrypted/Atbash/Atbash-17-58%.txt,5834,900,220,2633,119,304,1
/root/Desktop/final Project/DATASET 600 files/Encrypted/Atbash/Atbash-36-31%.txt,18107,2726,608,7949,350,558,1
/root/Desktop/final Project/DATASET 600 files/Encrypted/Atbash/Atbash-13-93%.txt,1352,233,134,581,28,410,1
/root/Desktop/final Project/DATASET 600 files/Encrypted/Atbash/Atbash-16-36%.txt,11645,1648,426,5219,240,396,1
/root/Desktop/final Project/DATASET 600 files/Encrypted/Atbash/Atbash-12-81%.txt,6425,966,354,2823,112,618,1
/root/Desktop/final Project/DATASET 600 files/Encrypted/Atbash/Atbash-19-92%.txt,1895,364,167,820,39,558,1
/root/Desktop/final Project/DATASET 600 files/Encrypted/Atbash/Atbash-7-54%.txt,16904,2703,715,7373,291,722,1
/root/Desktop/final Project/DATASET 600 files/Encrypted/Atbash/Atbash-2-68%.txt,5393,945,246,2289,90,336,1
/root/Desktop/final Project/DATASET 600 files/Encrypted/Atbash/Atbash-3-65%.txt,6857,1014,300,3064,117,366,1
/root/Desktop/final Project/DATASET 600 files/Encrypted/Atbash/Atbash-35-30%.txt,25127,3531,965,11007,480,752,1
/root/Desktop/final Project/DATASET 600 files/Encrypted/Atbash/Atbash-44-35%.txt,22370,3419,744,9811,441,764,1
/root/Desktop/final Project/DATASET 600 files/Encrypted/Atbash/Atbash-34-51%.txt,11865,1765,515,5267,236,526,1
/root/Desktop/final Project/DATASET 600 files/Encrypted/Atbash/Atbash-20-63%.txt,8459,1284,367,3769,144,420,1
/root/Desktop/final Project/DATASET 600 files/Encrypted/Atbash/Atbash-21-31%.txt,10366,1451,395,4654,222,342,1
/root/Desktop/final Project/DATASET 600 files/Encrypted/Atbash/Atbash-37-98%.txt,643,155,94,249,8,318,1
/root/Desktop/final Project/DATASET 600 files/Encrypted/Atbash/Atbash-18-57%.txt,14252,2232,522,6174,265,690,1
/root/Desktop/final Project/DATASET 600 files/Encrypted/Atbash/Atbash-28-68%.txt,6457,966,265,2856,123,424,1
/root/Desktop/final Project/DATASET 600 files/Encrypted/Atbash/Atbash-31-38%.txt,11157,1714,392,5018,237,420,1
/root/Desktop/final Project/DATASET 600 files/Encrypted/Atbash/Atbash-9-75%.txt,5529,796,271,2428,108,484,1
/root/Desktop/final Project/DATASET 600 files/Encrypted/Atbash/Atbash-30-63%.txt,9856,1402,415,4435,176,516,1
/root/Desktop/final Project/DATASET 600 files/Encrypted/Atbash/Atbash-4-73%.txt,8461,1252,439,3752,174,696,1
/root/Desktop/final Project/DATASET 600 files/Encrypted/Atbash/Atbash-50-34%.txt,18090,2555,652,8138,352,578,1
/root/Desktop/final Project/DATASET 600 files/Encrypted/Atbash/Atbash-43-78%.txt,5811,842,304,2598,125,596,1
/root/Desktop/final Project/DATASET 600 files/Encrypted/Atbash/Atbash-49-43%.txt,21262,2921,857,9275,405,784,1
/root/Desktop/final Project/DATASET 600 files/Encrypted/Atbash/Atbash-1-100%.txt,112,112,112,0,0,482,1
/root/Desktop/final Project/DATASET 600 files/Encrypted/Atbash/Atbash-33-73%.txt,11637,1822,589,4935,181,750,1
/root/Desktop/final Project/DATASET 600 files/Encrypted/Atbash/Atbash-6-81%.txt,2774,422,153,1212,58,324,1
/root/Desktop/final Project/DATASET 600 files/Encrypted/Atbash/Atbash-15-83%.txt,4839,799,312,2065,114,746,1
/root/Desktop/final Project/DATASET 600 files/Encrypted/Atbash/Atbash-46-71%.txt,8687,1363,414,3826,156,598,1
/root/Desktop/final Project/DATASET 600 files/Encrypted/Atbash/Atbash-42-91%.txt,2494,422,191,1001,43,538,1
/root/Desktop/final Project/DATASET 600 files/Encrypted/Atbash/Atbash-41-75%.txt,8091,1231,369,3568,151,680,1
/root/Desktop/final Project/DATASET 600 files/Encrypted/Atbash/Atbash-23-36%.txt,18739,2577,699,8237,378,650,1
/root/Desktop/final Project/DATASET 600 files/Encrypted/Atbash/Atbash-22-99%.txt,259,157,143,56,4,596,1
/root/Desktop/final Project/DATASET 600 files/Encrypted/Atbash/Atbash-25-76%.txt,5675,1015,283,2409,100,446,1
/root/Desktop/final Project/DATASET 600 files/Encrypted/Atbash/Atbash-8-66%.txt,9059,1386,385,4051,197,612,1
/root/Desktop/final Project/DATASET 600 files/Encrypted/Atbash/Atbash-5-52%.txt,9603,1355,428,4283,203,466,1
/root/Desktop/final Project/DATASET 600 files/Encrypted/Atbash/Atbash-29-74%.txt,6189,982,318,2634,91,392,1
/root/Desktop/final Project/DATASET 600 files/Encrypted/Atbash/Atbash-40-31%.txt,18449,2680,661,8281,393,622,1
/root/Desktop/final Project/DATASET 600 files/Encrypted/Atbash/Atbash-45-66%.txt,11526,1640,532,5038,247,780,1
/root/Desktop/final Project/DATASET 600 files/Encrypted/Atbash/Atbash-32-77%.txt,8640,1418,401,3710,162,772,1
/root/Desktop/final Project/DATASET 600 files/Encrypted/Atbash/Atbash-47-81%.txt,4838,708,264,2160,96,524,1
/root/Desktop/final Project/DATASET 600 files/Encrypted/Atbash/Atbash-24-46%.txt,17219,2709,599,7602,360,746,1
/root/Desktop/final Project/DATASET 600 files/Encrypted/Atbash/Atbash-39-32%.txt,14798,2095,557,6645,289,462,1
/root/Desktop/final Project/DATASET 600 files/Encrypted/Atbash/Atbash-11-90%.txt,3402,651,231,1434,51,522,1
/root/Desktop/final Project/DATASET 600 files/Encrypted/Atbash/Atbash-27-82%.txt,5423,944,292,2380,109,684,1
/root/Desktop/final Project/DATASET 600 files/Encrypted/Atbash/Atbash-10-79%.txt,3493,563,209,1469,81,422,1
/root/Desktop/final Project/DATASET 600 files/Encrypted/Atbash/Atbash-14-84%.txt,4606,774,234,1988,83,550,1
/root/Desktop/final Project/DATASET 600 files/Encrypted/Caesar/Caesar-139-95%.txt,34249,32697,17564,791,176,1436,1
/root/Desktop/final Project/DATASET 600 files/Encrypted/Caesar/Caesar-121-40%.txt,20105,9499,4656,5543,285,636,1
/root/Desktop/final Project/DATASET 600 files/Encrypted/Caesar/Caesar-143-31%.txt,31817,13409,6189,9660,485,931,1
/root/Desktop/final Project/DATASET 600 files/Encrypted/Caesar/Caesar-136-73%.txt,22279,17341,9010,2578,207,879,1
/root/Desktop/final Project/DATASET 600 files/Encrypted/Caesar/Caesar-137-63%.txt,35740,25099,12843,5530,374,1298,1
/root/Desktop/final Project/DATASET 600 files/Encrypted/Caesar/Caesar-102-69%.txt,19010,14196,7494,2523,176,737,1
/root/Desktop/final Project/DATASET 600 files/Encrypted/Caesar/Caesar-148-64%.txt,18376,12663,6415,3057,185,686,1
/root/Desktop/final Project/DATASET 600 files/Encrypted/Caesar/Caesar-142-65%.txt,39669,26477,13780,6671,365,1278,1
/root/Desktop/final Project/DATASET 600 files/Encrypted/Caesar/Caesar-125-81%.txt,29431,23400,12497,3073,201,1007,1
/root/Desktop/final Project/DATASET 600 files/Encrypted/Caesar/Caesar-147-59%.txt,29901,18569,9348,5912,322,1040,1
/root/Desktop/final Project/DATASET 600 files/Encrypted/Caesar/Caesar-103-31%.txt,26079,10111,4650,8136,323,627,1
/root/Desktop/final Project/DATASET 600 files/Encrypted/Caesar/Caesar-129-38%.txt,19204,8682,4190,5384,224,495,1
/root/Desktop/final Project/DATASET 600 files/Encrypted/Caesar/Caesar-133-59%.txt,34782,23426,12431,5912,357,1171,1
/root/Desktop/final Project/DATASET 600 files/Encrypted/Caesar/Caesar-149-86%.txt,26256,22899,12123,1721,191,1068,1
/root/Desktop/final Project/DATASET 600 files/Encrypted/Caesar/Caesar-144-44%.txt,24732,12909,6412,6178,329,798,1
/root/Desktop/final Project/DATASET 600 files/Encrypted/Caesar/Caesar-124-42%.txt,25639,13591,7014,6220,334,764,1
/root/Desktop/final Project/DATASET 600 files/Encrypted/Caesar/Caesar-111-74%.txt,27681,21728,11352,3081,243,1097,1
/root/Desktop/final Project/DATASET 600 files/Encrypted/Caesar/Caesar-135-59%.txt,24729,15466,7873,4769,238,764,1
/root/Desktop/final Project/DATASET 600 files/Encrypted/Caesar/Caesar-122-71%.txt,26760,20541,10596,3291,244,1020,1
/root/Desktop/final Project/DATASET 600 files/Encrypted/Caesar/Caesar-131-82%.txt,13954,12233,6462,875,116,608,1
/root/Desktop/final Project/DATASET 600 files/Encrypted/Caesar/Caesar-140-98%.txt,19078,18662,9910,208,94,872,1
/root/Desktop/final Project/DATASET 600 files/Encrypted/Caesar/Caesar-134-55%.txt,20778,12870,6482,4087,214,652,1
/root/Desktop/final Project/DATASET 600 files/Encrypted/Caesar/Caesar-130-80%.txt,23135,18618,9709,2382,179,875,1
/root/Desktop/final Project/DATASET 600 files/Encrypted/Caesar/Caesar-113-65%.txt,32864,23568,12102,4925,344,1235,1
/root/Desktop/final Project/DATASET 600 files/Encrypted/Caesar/Caesar-110-69%.txt,33429,23464,12075,5120,302,1160,1
/root/Desktop/final Project/DATASET 600 files/Encrypted/Caesar/Caesar-138-49%.txt,22713,13840,7340,4533,268,683,1
/root/Desktop/final Project/DATASET 600 files/Encrypted/Caesar/Caesar-117-69%.txt,26660,18848,9731,4089,247,974,1
/root/Desktop/final Project/DATASET 600 files/Encrypted/Caesar/Caesar-101-96%.txt,29380,28332,15174,536,159,1239,1
/root/Desktop/final Project/DATASET 600 files/Encrypted/Caesar/Caesar-126-37%.txt,25053,11252,5322,7173,382,781,1
/root/Desktop/final Project/DATASET 600 files/Encrypted/Caesar/Caesar-116-62%.txt,26121,17737,9451,4185,233,811,1
/root/Desktop/final Project/DATASET 600 files/Encrypted/Caesar/Caesar-119-45%.txt,14219,6794,3382,3815,182,470,1
/root/Desktop/final Project/DATASET 600 files/Encrypted/Caesar/Caesar-127-97%.txt,22625,22329,11943,146,116,1001,1
/root/Desktop/final Project/DATASET 600 files/Encrypted/Caesar/Caesar-112-99%.txt,22169,22059,12105,59,96,848,1
/root/Desktop/final Project/DATASET 600 files/Encrypted/Caesar/Caesar-132-51%.txt,16096,9740,4791,3268,198,517,1
/root/Desktop/final Project/DATASET 600 files/Encrypted/Caesar/Caesar-145-37%.txt,23202,11363,5790,5920,281,601,1
/root/Desktop/final Project/DATASET 600 files/Encrypted/Caesar/Caesar-150-76%.txt,35078,29215,15918,2989,265,1218,1
/root/Desktop/final Project/DATASET 600 files/Encrypted/Caesar/Caesar-114-40%.txt,13286,6213,3023,3680,185,418,1
/root/Desktop/final Project/DATASET 600 files/Encrypted/Caesar/Caesar-115-56%.txt,14228,8734,4496,2857,156,493,1
/root/Desktop/final Project/DATASET 600 files/Encrypted/Caesar/Caesar-118-96%.txt,33726,32795,17461,499,190,1510,1
/root/Desktop/final Project/DATASET 600 files/Encrypted/Caesar/Caesar-105-54%.txt,28654,18238,9111,5481,343,989,1
/root/Desktop/final Project/DATASET 600 files/Encrypted/Caesar/Caesar-128-77%.txt,22107,19046,10318,1622,165,854,1
/root/Desktop/final Project/DATASET 600 files/Encrypted/Caesar/Caesar-108-80%.txt,24593,20838,10924,1967,202,1048,1
/root/Desktop/final Project/DATASET 600 files/Encrypted/Caesar/Caesar-107-41%.txt,27614,13772,6609,7242,376,832,1
/root/Desktop/final Project/DATASET 600 files/Encrypted/Caesar/Caesar-141-76%.txt,30891,23793,12548,3643,254,1225,1
/root/Desktop/final Project/DATASET 600 files/Encrypted/Caesar/Caesar-109-37%.txt,36245,17090,8634,9933,497,1055,1
/root/Desktop/final Project/DATASET 600 files/Encrypted/Caesar/Caesar-120-36%.txt,33626,14599,6911,9662,415,860,1
/root/Desktop/final Project/DATASET 600 files/Encrypted/Caesar/Caesar-146-100%.txt,21383,21383,11404,0,110,976,1
/root/Desktop/final Project/DATASET 600 files/Encrypted/Caesar/Caesar-123-32%.txt,25791,11053,5509,7695,394,758,1
/root/Desktop/final Project/DATASET 600 files/Encrypted/Caesar/Caesar-106-41%.txt,38198,20854,10849,8935,487,1095,1
/root/Desktop/final Project/DATASET 600 files/Encrypted/Caesar/Caesar-104-100%.txt,23861,23861,12817,0,118,1068,1
/root/Desktop/final Project/DATASET 600 files/Encrypted/Autokey/Autokey-97-45%.txt,12815,1740,528,5654,264,520,1
/root/Desktop/final Project/DATASET 600 files/Encrypted/Autokey/Autokey-77-70%.txt,7981,1179,365,3427,169,618,1
/root/Desktop/final Project/DATASET 600 files/Encrypted/Autokey/Autokey-67-58%.txt,6792,1060,269,3016,141,386,1
/root/Desktop/final Project/DATASET 600 files/Encrypted/Autokey/Autokey-95-78%.txt,2811,419,151,1228,60,302,1
/root/Desktop/final Project/DATASET 600 files/Encrypted/Autokey/Autokey-63-56%.txt,11480,1791,434,5134,242,608,1
/root/Desktop/final Project/DATASET 600 files/Encrypted/Autokey/Autokey-76-30%.txt,21053,3152,760,9311,412,642,1
/root/Desktop/final Project/DATASET 600 files/Encrypted/Autokey/Autokey-84-36%.txt,14679,2256,482,6385,277,492,1
/root/Desktop/final Project/DATASET 600 files/Encrypted/Autokey/Autokey-57-44%.txt,9965,1520,358,4492,207,404,1
/root/Desktop/final Project/DATASET 600 files/Encrypted/Autokey/Autokey-60-68%.txt,6145,936,326,2715,140,472,1
/root/Desktop/final Project/DATASET 600 files/Encrypted/Autokey/Autokey-93-89%.txt,2165,374,167,954,48,514,1
/root/Desktop/final Project/DATASET 600 files/Encrypted/Autokey/Autokey-72-36%.txt,13115,1967,445,5744,235,414,1
/root/Desktop/final Project/DATASET 600 files/Encrypted/Autokey/Autokey-79-80%.txt,2255,398,125,960,51,334,1
/root/Desktop/final Project/DATASET 600 files/Encrypted/Autokey/Autokey-54-42%.txt,19658,2870,739,8793,401,742,1
/root/Desktop/final Project/DATASET 600 files/Encrypted/Autokey/Autokey-91-49%.txt,7107,1077,268,3197,164,338,1
/root/Desktop/final Project/DATASET 600 files/Encrypted/Autokey/Autokey-73-50%.txt,10536,1478,424,4683,206,448,1
/root/Desktop/final Project/DATASET 600 files/Encrypted/Autokey/Autokey-88-86%.txt,3845,661,283,1677,87,662,1
/root/Desktop/final Project/DATASET 600 files/Encrypted/Autokey/Autokey-94-60%.txt,10484,1620,456,4632,196,550,1
/root/Desktop/final Project/DATASET 600 files/Encrypted/Autokey/Autokey-85-88%.txt,4246,752,285,1803,83,792,1
/root/Desktop/final Project/DATASET 600 files/Encrypted/Autokey/Autokey-59-69%.txt,7691,1253,306,3428,161,568,1
/root/Desktop/final Project/DATASET 600 files/Encrypted/Autokey/Autokey-87-41%.txt,15570,2412,526,6910,329,614,1
/root/Desktop/final Project/DATASET 600 files/Encrypted/Autokey/Autokey-58-96%.txt,1254,362,191,462,23,698,1
/root/Desktop/final Project/DATASET 600 files/Encrypted/Autokey/Autokey-89-89%.txt,5000,906,351,2102,78,778,1
/root/Desktop/final Project/DATASET 600 files/Encrypted/Autokey/Autokey-52-63%.txt,8159,1240,351,3618,167,506,1
/root/Desktop/final Project/DATASET 600 files/Encrypted/Autokey/Autokey-61-71%.txt,3944,592,171,1686,82,312,1
/root/Desktop/final Project/DATASET 600 files/Encrypted/Autokey/Autokey-71-55%.txt,16364,2326,656,7311,333,788,1
/root/Desktop/final Project/DATASET 600 files/Encrypted/Autokey/Autokey-78-36%.txt,16876,2409,606,7566,334,564,1
/root/Desktop/final Project/DATASET 600 files/Encrypted/Autokey/Autokey-92-31%.txt,21909,3277,769,9622,438,700,1
/root/Desktop/final Project/DATASET 600 files/Encrypted/Autokey/Autokey-75-61%.txt,12884,1865,551,5712,247,680,1
/root/Desktop/final Project/DATASET 600 files/Encrypted/Autokey/Autokey-56-40%.txt,12760,1868,519,5482,204,370,1
/root/Desktop/final Project/DATASET 600 files/Encrypted/Autokey/Autokey-96-60%.txt,8156,1325,309,3529,165,474,1
/root/Desktop/final Project/DATASET 600 files/Encrypted/Autokey/Autokey-100-71%.txt,7503,1228,326,3300,159,604,1
/root/Desktop/final Project/DATASET 600 files/Encrypted/Autokey/Autokey-53-79%.txt,8181,1338,421,3488,120,618,1
/root/Desktop/final Project/DATASET 600 files/Encrypted/Autokey/Autokey-82-32%.txt,22075,3376,876,9507,360,588,1
/root/Desktop/final Project/DATASET 600 files/Encrypted/Autokey/Autokey-65-87%.txt,4084,704,277,1742,67,536,1
/root/Desktop/final Project/DATASET 600 files/Encrypted/Autokey/Autokey-68-49%.txt,10384,1577,370,4516,191,410,1
/root/Desktop/final Project/DATASET 600 files/Encrypted/Autokey/Autokey-55-87%.txt,4521,781,269,1948,83,670,1
/root/Desktop/final Project/DATASET 600 files/Encrypted/Autokey/Autokey-74-78%.txt,8364,1354,430,3570,122,602,1
/root/Desktop/final Project/DATASET 600 files/Encrypted/Autokey/Autokey-90-82%.txt,3784,564,196,1578,66,392,1
/root/Desktop/final Project/DATASET 600 files/Encrypted/Autokey/Autokey-70-96%.txt,1287,315,189,534,25,700,1
/root/Desktop/final Project/DATASET 600 files/Encrypted/Autokey/Autokey-80-46%.txt,13615,2145,452,6035,291,600,1
/root/Desktop/final Project/DATASET 600 files/Encrypted/Autokey/Autokey-66-97%.txt,650,160,116,236,12,400,1
/root/Desktop/final Project/DATASET 600 files/Encrypted/Autokey/Autokey-51-97%.txt,939,275,180,350,20,678,1
/root/Desktop/final Project/DATASET 600 files/Encrypted/Autokey/Autokey-98-39%.txt,15042,2373,612,6588,262,490,1
/root/Desktop/final Project/DATASET 600 files/Encrypted/Autokey/Autokey-64-48%.txt,16165,2329,680,7194,334,700,1
/root/Desktop/final Project/DATASET 600 files/Encrypted/Autokey/Autokey-81-45%.txt,10591,1565,436,4719,226,452,1
/root/Desktop/final Project/DATASET 600 files/Encrypted/Autokey/Autokey-86-44%.txt,15063,2067,560,6795,299,572,1
/root/Desktop/final Project/DATASET 600 files/Encrypted/Autokey/Autokey-83-68%.txt,10787,1512,476,4815,224,744,1
/root/Desktop/final Project/DATASET 600 files/Encrypted/Autokey/Autokey-99-78%.txt,4604,690,233,2016,87,440,1
/root/Desktop/final Project/DATASET 600 files/Encrypted/Autokey/Autokey-62-66%.txt,12821,2080,589,5583,219,738,1
/root/Desktop/final Project/DATASET 600 files/Encrypted/Autokey/Autokey-69-58%.txt,9940,1405,416,4424,193,500,1
/root/Desktop/final Project/DATASET 600 files/Encrypted/RSA/RSA-298-66%.txt,10354,9730,0,0,693,212,1
/root/Desktop/final Project/DATASET 600 files/Encrypted/RSA/RSA-264-60%.txt,19259,18057,3,20,1285,389,1
/root/Desktop/final Project/DATASET 600 files/Encrypted/RSA/RSA-300-30%.txt,10506,9826,2,26,704,214,1
/root/Desktop/final Project/DATASET 600 files/Encrypted/RSA/RSA-285-66%.txt,24017,22485,1,48,1595,483,1
/root/Desktop/final Project/DATASET 600 files/Encrypted/RSA/RSA-260-40%.txt,12189,11268,5,104,802,244,1
/root/Desktop/final Project/DATASET 600 files/Encrypted/RSA/RSA-272-39%.txt,10505,9669,13,107,689,210,1
/root/Desktop/final Project/DATASET 600 files/Encrypted/RSA/RSA-277-48%.txt,15252,14127,14,113,1006,305,1
/root/Desktop/final Project/DATASET 600 files/Encrypted/RSA/RSA-275-51%.txt,10476,9662,9,106,689,210,1
/root/Desktop/final Project/DATASET 600 files/Encrypted/RSA/RSA-299-30%.txt,5567,5012,8,119,362,111,1
/root/Desktop/final Project/DATASET 600 files/Encrypted/RSA/RSA-268-75%.txt,24970,23455,1,8,1668,504,1
/root/Desktop/final Project/DATASET 600 files/Encrypted/RSA/RSA-292-99%.txt,22426,20895,9,106,1487,449,1
/root/Desktop/final Project/DATASET 600 files/Encrypted/RSA/RSA-266-50%.txt,13805,12771,13,107,912,276,1
/root/Desktop/final Project/DATASET 600 files/Encrypted/RSA/RSA-288-69%.txt,17513,16095,15,209,1141,346,1
/root/Desktop/final Project/DATASET 600 files/Encrypted/RSA/RSA-280-71%.txt,27515,25501,21,203,1808,546,1
/root/Desktop/final Project/DATASET 600 files/Encrypted/RSA/RSA-282-92%.txt,28131,26417,1,11,1877,567,1
/root/Desktop/final Project/DATASET 600 files/Encrypted/RSA/RSA-263-90%.txt,28916,27167,1,5,1931,583,1
/root/Desktop/final Project/DATASET 600 files/Encrypted/RSA/RSA-281-95%.txt,16234,15071,6,101,1073,325,1
/root/Desktop/final Project/DATASET 600 files/Encrypted/RSA/RSA-287-30%.txt,8163,7301,15,197,520,159,1
/root/Desktop/final Project/DATASET 600 files/Encrypted/RSA/RSA-262-62%.txt,15707,14598,10,88,1038,315,1
/root/Desktop/final Project/DATASET 600 files/Encrypted/RSA/RSA-284-48%.txt,14015,13122,1,26,936,284,1
/root/Desktop/final Project/DATASET 600 files/Encrypted/RSA/RSA-251-42%.txt,11314,10428,6,106,741,226,1
/root/Desktop/final Project/DATASET 600 files/Encrypted/RSA/RSA-274-68%.txt,25835,24175,3,61,1716,519,1
/root/Desktop/final Project/DATASET 600 files/Encrypted/RSA/RSA-257-77%.txt,25767,24020,7,114,1703,515,1
/root/Desktop/final Project/DATASET 600 files/Encrypted/RSA/RSA-267-97%.txt,19244,17931,7,81,1276,386,1
/root/Desktop/final Project/DATASET 600 files/Encrypted/RSA/RSA-286-62%.txt,13291,12425,3,33,886,269,1
/root/Desktop/final Project/DATASET 600 files/Encrypted/RSA/RSA-290-47%.txt,7204,6769,0,0,485,149,1
/root/Desktop/final Project/DATASET 600 files/Encrypted/RSA/RSA-271-53%.txt,12104,11127,4,149,794,241,1
/root/Desktop/final Project/DATASET 600 files/Encrypted/RSA/RSA-293-94%.txt,19875,18583,3,58,1321,400,1
/root/Desktop/final Project/DATASET 600 files/Encrypted/RSA/RSA-265-74%.txt,29737,27569,17,214,1954,590,1
/root/Desktop/final Project/DATASET 600 files/Encrypted/RSA/RSA-253-96%.txt,30898,29010,3,14,2062,622,1
/root/Desktop/final Project/DATASET 600 files/Encrypted/RSA/RSA-259-33%.txt,8384,7784,2,58,556,170,1
/root/Desktop/final Project/DATASET 600 files/Encrypted/RSA/RSA-261-75%.txt,18822,17524,4,100,1246,377,1
/root/Desktop/final Project/DATASET 600 files/Encrypted/RSA/RSA-289-46%.txt,13963,12997,2,76,928,281,1
/root/Desktop/final Project/DATASET 600 files/Encrypted/RSA/RSA-273-90%.txt,24685,23175,3,17,1648,498,1
/root/Desktop/final Project/DATASET 600 files/Encrypted/RSA/RSA-297-70%.txt,22859,21270,8,125,1512,457,1
/root/Desktop/final Project/DATASET 600 files/Encrypted/RSA/RSA-291-80%.txt,31885,29859,3,67,2119,640,1
/root/Desktop/final Project/DATASET 600 files/Encrypted/RSA/RSA-255-47%.txt,17988,16799,4,58,1198,362,1
/root/Desktop/final Project/DATASET 600 files/Encrypted/RSA/RSA-258-73%.txt,11328,10498,7,75,749,228,1
/root/Desktop/final Project/DATASET 600 files/Encrypted/RSA/RSA-296-77%.txt,15265,14335,0,6,1021,310,1
/root/Desktop/final Project/DATASET 600 files/Encrypted/RSA/RSA-269-89%.txt,17572,16498,1,8,1176,356,1
/root/Desktop/final Project/DATASET 600 files/Encrypted/RSA/RSA-276-85%.txt,31224,29207,13,90,2075,626,1
/root/Desktop/final Project/DATASET 600 files/Encrypted/RSA/RSA-254-46%.txt,14111,13061,12,106,931,282,1
/root/Desktop/final Project/DATASET 600 files/Encrypted/RSA/RSA-256-71%.txt,24176,22624,1,55,1607,486,1
/root/Desktop/final Project/DATASET 600 files/Encrypted/RSA/RSA-294-42%.txt,10554,9918,0,0,707,216,1
/root/Desktop/final Project/DATASET 600 files/Encrypted/RSA/RSA-270-47%.txt,8494,7682,26,171,547,167,1
/root/Desktop/final Project/DATASET 600 files/Encrypted/RSA/RSA-278-56%.txt,16534,15517,2,14,1105,335,1
/root/Desktop/final Project/DATASET 600 files/Encrypted/RSA/RSA-283-38%.txt,6114,5554,10,112,397,122,1
/root/Desktop/final Project/DATASET 600 files/Encrypted/RSA/RSA-252-66%.txt,14753,13865,0,0,986,300,1
/root/Desktop/final Project/DATASET 600 files/Encrypted/RSA/RSA-295-83%.txt,13685,12754,3,61,912,276,1
/root/Desktop/final Project/DATASET 600 files/Encrypted/RSA/RSA-279-36%.txt,7931,7429,3,9,533,163,1
/root/Desktop/final Project/DATASET 600 files/Encrypted/Playfair/Playfair-228-63%.txt,13743,2077,613,5841,239,714,1
/root/Desktop/final Project/DATASET 600 files/Encrypted/Playfair/Playfair-239-52%.txt,12525,1971,541,5456,215,516,1
/root/Desktop/final Project/DATASET 600 files/Encrypted/Playfair/Playfair-219-91%.txt,1919,366,168,826,35,414,1
/root/Desktop/final Project/DATASET 600 files/Encrypted/Playfair/Playfair-229-34%.txt,14509,2036,539,6478,293,480,1
/root/Desktop/final Project/DATASET 600 files/Encrypted/Playfair/Playfair-202-97%.txt,596,153,95,234,12,368,1
/root/Desktop/final Project/DATASET 600 files/Encrypted/Playfair/Playfair-233-86%.txt,4805,801,269,2122,72,560,1
/root/Desktop/final Project/DATASET 600 files/Encrypted/Playfair/Playfair-204-32%.txt,14917,2238,619,6404,232,376,1
/root/Desktop/final Project/DATASET 600 files/Encrypted/Playfair/Playfair-242-94%.txt,767,169,96,303,17,356,1
/root/Desktop/final Project/DATASET 600 files/Encrypted/Playfair/Playfair-230-88%.txt,3455,627,244,1491,71,668,1
/root/Desktop/final Project/DATASET 600 files/Encrypted/Playfair/Playfair-231-97%.txt,309,115,80,104,8,332,1
/root/Desktop/final Project/DATASET 600 files/Encrypted/Playfair/Playfair-207-44%.txt,18949,2955,644,8261,372,738,1
/root/Desktop/final Project/DATASET 600 files/Encrypted/Playfair/Playfair-232-99%.txt,224,124,114,54,4,484,1
/root/Desktop/final Project/DATASET 600 files/Encrypted/Playfair/Playfair-247-100%.txt,127,127,127,0,0,542,1
/root/Desktop/final Project/DATASET 600 files/Encrypted/Playfair/Playfair-208-59%.txt,7749,1054,346,3452,158,410,1
/root/Desktop/final Project/DATASET 600 files/Encrypted/Playfair/Playfair-210-90%.txt,1250,269,140,520,46,482,1
/root/Desktop/final Project/DATASET 600 files/Encrypted/Playfair/Playfair-235-66%.txt,7198,1196,280,3133,159,526,1
/root/Desktop/final Project/DATASET 600 files/Encrypted/Playfair/Playfair-211-62%.txt,10012,1496,396,4399,186,544,1
/root/Desktop/final Project/DATASET 600 files/Encrypted/Playfair/Playfair-240-87%.txt,1955,381,130,826,38,326,1
/root/Desktop/final Project/DATASET 600 files/Encrypted/Playfair/Playfair-209-41%.txt,24035,3662,975,10559,416,778,1
/root/Desktop/final Project/DATASET 600 files/Encrypted/Playfair/Playfair-237-52%.txt,5904,900,241,2608,127,298,1
/root/Desktop/final Project/DATASET 600 files/Encrypted/Playfair/Playfair-201-39%.txt,15704,2502,506,6830,310,566,1
/root/Desktop/final Project/DATASET 600 files/Encrypted/Playfair/Playfair-248-80%.txt,5053,849,257,2203,103,594,1
/root/Desktop/final Project/DATASET 600 files/Encrypted/Playfair/Playfair-216-40%.txt,8918,1345,363,3997,196,352,1
/root/Desktop/final Project/DATASET 600 files/Encrypted/Playfair/Playfair-241-45%.txt,12791,2013,432,5637,258,530,1
/root/Desktop/final Project/DATASET 600 files/Encrypted/Playfair/Playfair-244-81%.txt,3430,638,196,1446,67,414,1
/root/Desktop/final Project/DATASET 600 files/Encrypted/Playfair/Playfair-249-31%.txt,14272,2240,569,6254,247,402,1
/root/Desktop/final Project/DATASET 600 files/Encrypted/Playfair/Playfair-234-87%.txt,2233,394,140,968,51,392,1
/root/Desktop/final Project/DATASET 600 files/Encrypted/Playfair/Playfair-222-44%.txt,19254,2730,760,8607,406,776,1
/root/Desktop/final Project/DATASET 600 files/Encrypted/Playfair/Playfair-212-43%.txt,16330,2286,652,7244,347,662,1
/root/Desktop/final Project/DATASET 600 files/Encrypted/Playfair/Playfair-238-75%.txt,3515,547,196,1477,85,358,1
/root/Desktop/final Project/DATASET 600 files/Encrypted/Playfair/Playfair-213-58%.txt,9368,1309,395,4068,200,520,1
/root/Desktop/final Project/DATASET 600 files/Encrypted/Playfair/Playfair-206-52%.txt,6941,973,292,3082,149,328,1
/root/Desktop/final Project/DATASET 600 files/Encrypted/Playfair/Playfair-226-50%.txt,8273,1292,280,3698,175,386,1
/root/Desktop/final Project/DATASET 600 files/Encrypted/Playfair/Playfair-203-36%.txt,21268,3115,786,9433,430,736,1
/root/Desktop/final Project/DATASET 600 files/Encrypted/Playfair/Playfair-223-53%.txt,13027,1843,525,5834,264,590,1
/root/Desktop/final Project/DATASET 600 files/Encrypted/Playfair/Playfair-227-32%.txt,18572,2705,693,8248,384,626,1
/root/Desktop/final Project/DATASET 600 files/Encrypted/Playfair/Playfair-250-76%.txt,6822,1011,321,3033,150,660,1
/root/Desktop/final Project/DATASET 600 files/Encrypted/Playfair/Playfair-221-95%.txt,1658,337,187,688,32,632,1
/root/Desktop/final Project/DATASET 600 files/Encrypted/Playfair/Playfair-243-93%.txt,1296,250,146,553,33,504,1
/root/Desktop/final Project/DATASET 600 files/Encrypted/Playfair/Playfair-205-56%.txt,9493,1424,397,4232,170,432,1
/root/Desktop/final Project/DATASET 600 files/Encrypted/Playfair/Playfair-224-52%.txt,18370,2789,753,8118,336,760,1
/root/Desktop/final Project/DATASET 600 files/Encrypted/Playfair/Playfair-236-51%.txt,7611,1150,269,3314,138,308,1
/root/Desktop/final Project/DATASET 600 files/Encrypted/Playfair/Playfair-214-87%.txt,4080,757,307,1709,85,734,1
/root/Desktop/final Project/DATASET 600 files/Encrypted/Playfair/Playfair-246-42%.txt,18570,2604,746,8249,393,738,1
/root/Desktop/final Project/DATASET 600 files/Encrypted/Playfair/Playfair-217-75%.txt,6538,967,353,2862,154,664,1
/root/Desktop/final Project/DATASET 600 files/Encrypted/Playfair/Playfair-220-78%.txt,7298,1196,350,3131,139,694,1
/root/Desktop/final Project/DATASET 600 files/Encrypted/Playfair/Playfair-245-57%.txt,9643,1436,408,4263,182,460,1
/root/Desktop/final Project/DATASET 600 files/Encrypted/Playfair/Playfair-218-38%.txt,14723,2038,522,6615,298,516,1
/root/Desktop/final Project/DATASET 600 files/Encrypted/Playfair/Playfair-215-69%.txt,6528,1069,283,2881,135,510,1
/root/Desktop/final Project/DATASET 600 files/Encrypted/Playfair/Playfair-225-59%.txt,11143,1703,427,4854,206,558,1
